Date,seven_day_rolling_avg,Location,region,measureid,fractionid
2022-05-27,27.10578,Brandon,Brandon,covN2,solid
2022-05-31,26.3422075,Brandon,Brandon,covN2,solid
2022-06-03,24.9803125,Brandon,Brandon,covN2,solid
2022-06-07,17.6946675,Brandon,Brandon,covN2,solid
2022-06-10,12.8199475,Brandon,Brandon,covN2,solid
2022-06-14,8.816275,Brandon,Brandon,covN2,solid
2022-06-17,3.6319975,Brandon,Brandon,covN2,solid
2022-06-21,3.8972725,Brandon,Brandon,covN2,solid
2022-06-24,3.265275,Brandon,Brandon,covN2,solid
2022-06-28,3.302705,Brandon,Brandon,covN2,solid
2022-07-01,10.1918225,Brandon,Brandon,covN2,solid
2022-07-05,15.3984725,Brandon,Brandon,covN2,solid
2022-07-08,11.8650775,Brandon,Brandon,covN2,solid
2022-07-12,7.19446,Brandon,Brandon,covN2,solid
2022-07-15,13.7839375,Brandon,Brandon,covN2,solid
2022-07-19,28.90313,Brandon,Brandon,covN2,solid
2022-07-22,27.7405175,Brandon,Brandon,covN2,solid
2022-07-26,15.73763,Brandon,Brandon,covN2,solid
2022-07-29,12.1754725,Brandon,Brandon,covN2,solid
2022-08-02,12.07942,Brandon,Brandon,covN2,solid
2022-08-05,15.181485,Brandon,Brandon,covN2,solid
2022-08-09,15.1787625,Brandon,Brandon,covN2,solid
2022-08-12,16.7719975,Brandon,Brandon,covN2,solid
2022-08-16,25.348605,Brandon,Brandon,covN2,solid
2022-08-19,24.82613,Brandon,Brandon,covN2,solid
2022-08-23,20.826065,Brandon,Brandon,covN2,solid
2022-08-26,32.2917875,Brandon,Brandon,covN2,solid
2022-08-30,47.5784625,Brandon,Brandon,covN2,solid
2022-09-02,73.6230775,Brandon,Brandon,covN2,solid
2022-09-06,79.4925175,Brandon,Brandon,covN2,solid
2022-09-09,117.4128075,Brandon,Brandon,covN2,solid
2022-09-13,207.2478375,Brandon,Brandon,covN2,solid
2022-09-16,132.4511,Brandon,Brandon,covN2,solid
2022-09-20,28.0410525,Brandon,Brandon,covN2,solid
2022-09-23,79.4548,Brandon,Brandon,covN2,solid
2022-09-27,96.83427,Brandon,Brandon,covN2,solid
2022-09-30,81.06479,Brandon,Brandon,covN2,solid
2022-10-04,76.40422,Brandon,Brandon,covN2,solid
2022-10-07,55.3080375,Brandon,Brandon,covN2,solid
2022-10-11,61.25458,Brandon,Brandon,covN2,solid
2022-10-14,48.2934175,Brandon,Brandon,covN2,solid
2022-10-18,91.639525,Brandon,Brandon,covN2,solid
2022-10-21,120.97972,Brandon,Brandon,covN2,solid
2022-10-25,77.9880675,Brandon,Brandon,covN2,solid
2022-10-28,88.7115275,Brandon,Brandon,covN2,solid
2022-11-01,95.338895,Brandon,Brandon,covN2,solid
2022-11-04,58.229455,Brandon,Brandon,covN2,solid
2022-11-08,45.416645,Brandon,Brandon,covN2,solid
2022-11-11,65.7437575,Brandon,Brandon,covN2,solid
2022-11-15,91.3767875,Brandon,Brandon,covN2,solid
2022-11-18,182.81859,Brandon,Brandon,covN2,solid
2022-11-22,155.82358,Brandon,Brandon,covN2,solid
2022-11-25,87.3799525,Brandon,Brandon,covN2,solid
2022-11-29,78.06687,Brandon,Brandon,covN2,solid
2022-12-02,84.1305825,Brandon,Brandon,covN2,solid
2022-12-06,82.05598,Brandon,Brandon,covN2,solid
2022-12-09,30.0406075,Brandon,Brandon,covN2,solid
2022-12-13,64.2639375,Brandon,Brandon,covN2,solid
2022-12-16,61.3456575,Brandon,Brandon,covN2,solid
2022-12-20,27.3796025,Brandon,Brandon,covN2,solid
2022-12-23,24.5948675,Brandon,Brandon,covN2,solid
2022-12-27,16.06203,Brandon,Brandon,covN2,solid
2022-12-30,18.208,Brandon,Brandon,covN2,solid
2023-01-03,14.8832975,Brandon,Brandon,covN2,solid
2023-01-06,24.7705025,Brandon,Brandon,covN2,solid
2023-01-10,41.123135,Brandon,Brandon,covN2,solid
2023-01-13,25.86753,Brandon,Brandon,covN2,solid
2023-01-17,11.2947425,Brandon,Brandon,covN2,solid
2023-01-20,15.07832,Brandon,Brandon,covN2,solid
2023-01-24,18.4673375,Brandon,Brandon,covN2,solid
2023-01-27,16.2494625,Brandon,Brandon,covN2,solid
2023-01-31,12.0413875,Brandon,Brandon,covN2,solid
2023-02-03,34.2051075,Brandon,Brandon,covN2,solid
2023-02-07,47.2683825,Brandon,Brandon,covN2,solid
2023-02-10,30.35747,Brandon,Brandon,covN2,solid
2023-02-14,29.2465725,Brandon,Brandon,covN2,solid
2023-02-17,32.3602175,Brandon,Brandon,covN2,solid
2023-02-21,52.67146,Brandon,Brandon,covN2,solid
2023-02-24,84.49154,Brandon,Brandon,covN2,solid
2023-02-28,73.84291,Brandon,Brandon,covN2,solid
2023-03-03,51.8595775,Brandon,Brandon,covN2,solid
2023-03-07,44.9559875,Brandon,Brandon,covN2,solid
2023-03-10,73.3618225,Brandon,Brandon,covN2,solid
2023-03-14,100.8900275,Brandon,Brandon,covN2,solid
2021-04-13,14.7045725,Winnipeg North End,Winnipeg,covN2,solid
2021-04-20,51.8545825,Winnipeg North End,Winnipeg,covN2,solid
2021-04-27,446.3551575,Winnipeg North End,Winnipeg,covN2,solid
2021-05-04,92.526285,Winnipeg North End,Winnipeg,covN2,solid
2021-05-11,131.657485,Winnipeg North End,Winnipeg,covN2,solid
2021-05-12,99.527015,Winnipeg North End,Winnipeg,covN2,solid
2021-05-15,96.62009,Winnipeg North End,Winnipeg,covN2,solid
2021-05-16,105.72865625,Winnipeg North End,Winnipeg,covN2,solid
2021-05-17,138.402236,Winnipeg North End,Winnipeg,covN2,solid
2021-05-18,128.662397,Winnipeg North End,Winnipeg,covN2,solid
2021-05-19,131.780797,Winnipeg North End,Winnipeg,covN2,solid
2021-05-22,122.044968,Winnipeg North End,Winnipeg,covN2,solid
2021-05-23,102.274547,Winnipeg North End,Winnipeg,covN2,solid
2021-05-24,70.779241,Winnipeg North End,Winnipeg,covN2,solid
2021-05-25,63.063563,Winnipeg North End,Winnipeg,covN2,solid
2021-05-26,55.976236,Winnipeg North End,Winnipeg,covN2,solid
2021-05-28,60.22684,Winnipeg North End,Winnipeg,covN2,solid
2021-05-29,84.3650783333333,Winnipeg North End,Winnipeg,covN2,solid
2021-05-30,84.91817,Winnipeg North End,Winnipeg,covN2,solid
2021-06-01,78.171157,Winnipeg North End,Winnipeg,covN2,solid
2021-06-02,75.079177,Winnipeg North End,Winnipeg,covN2,solid
2021-06-05,48.7766575,Winnipeg North End,Winnipeg,covN2,solid
2021-06-06,66.12658625,Winnipeg North End,Winnipeg,covN2,solid
2021-06-07,63.482446,Winnipeg North End,Winnipeg,covN2,solid
2021-06-08,61.5144985,Winnipeg North End,Winnipeg,covN2,solid
2021-06-09,61.3404085,Winnipeg North End,Winnipeg,covN2,solid
2021-06-12,54.1181325,Winnipeg North End,Winnipeg,covN2,solid
2021-06-13,42.5830875,Winnipeg North End,Winnipeg,covN2,solid
2021-06-14,44.8514885,Winnipeg North End,Winnipeg,covN2,solid
2021-06-15,48.754559,Winnipeg North End,Winnipeg,covN2,solid
2021-06-16,46.741026,Winnipeg North End,Winnipeg,covN2,solid
2021-06-19,45.252275,Winnipeg North End,Winnipeg,covN2,solid
2021-06-20,41.127602,Winnipeg North End,Winnipeg,covN2,solid
2021-06-21,32.494606,Winnipeg North End,Winnipeg,covN2,solid
2021-06-22,27.904004,Winnipeg North End,Winnipeg,covN2,solid
2021-06-23,29.957155,Winnipeg North End,Winnipeg,covN2,solid
2021-06-26,24.534456,Winnipeg North End,Winnipeg,covN2,solid
2021-06-27,22.570932,Winnipeg North End,Winnipeg,covN2,solid
2021-06-28,21.524405,Winnipeg North End,Winnipeg,covN2,solid
2021-06-30,15.74977125,Winnipeg North End,Winnipeg,covN2,solid
2021-07-01,13.855422,Winnipeg North End,Winnipeg,covN2,solid
2021-07-03,13.555153,Winnipeg North End,Winnipeg,covN2,solid
2021-07-04,12.488062,Winnipeg North End,Winnipeg,covN2,solid
2021-07-05,13.656184,Winnipeg North End,Winnipeg,covN2,solid
2021-07-07,12.555325,Winnipeg North End,Winnipeg,covN2,solid
2021-07-08,15.73495,Winnipeg North End,Winnipeg,covN2,solid
2021-07-10,16.657698,Winnipeg North End,Winnipeg,covN2,solid
2021-07-11,16.866588,Winnipeg North End,Winnipeg,covN2,solid
2021-07-12,16.662836,Winnipeg North End,Winnipeg,covN2,solid
2021-07-14,17.044872,Winnipeg North End,Winnipeg,covN2,solid
2021-07-15,14.047774,Winnipeg North End,Winnipeg,covN2,solid
2021-07-17,13.021137,Winnipeg North End,Winnipeg,covN2,solid
2021-07-18,12.449999,Winnipeg North End,Winnipeg,covN2,solid
2021-07-19,9.657904,Winnipeg North End,Winnipeg,covN2,solid
2021-07-21,9.081529,Winnipeg North End,Winnipeg,covN2,solid
2021-07-22,9.547704,Winnipeg North End,Winnipeg,covN2,solid
2021-07-24,7.378923,Winnipeg North End,Winnipeg,covN2,solid
2021-07-25,6.548326,Winnipeg North End,Winnipeg,covN2,solid
2021-07-26,5.805996,Winnipeg North End,Winnipeg,covN2,solid
2021-07-28,6.042761,Winnipeg North End,Winnipeg,covN2,solid
2021-07-29,4.866562,Winnipeg North End,Winnipeg,covN2,solid
2021-07-31,5.085113,Winnipeg North End,Winnipeg,covN2,solid
2021-08-01,4.184188,Winnipeg North End,Winnipeg,covN2,solid
2021-08-02,6.965614,Winnipeg North End,Winnipeg,covN2,solid
2021-08-03,7.74672083333333,Winnipeg North End,Winnipeg,covN2,solid
2021-08-04,8.36177083333333,Winnipeg North End,Winnipeg,covN2,solid
2021-08-07,9.991663,Winnipeg North End,Winnipeg,covN2,solid
2021-08-08,12.969575,Winnipeg North End,Winnipeg,covN2,solid
2021-08-09,12.30327,Winnipeg North End,Winnipeg,covN2,solid
2021-08-11,10.89998875,Winnipeg North End,Winnipeg,covN2,solid
2021-08-12,10.462604,Winnipeg North End,Winnipeg,covN2,solid
2021-08-14,9.82488,Winnipeg North End,Winnipeg,covN2,solid
2021-08-15,14.661712,Winnipeg North End,Winnipeg,covN2,solid
2021-08-16,14.693446,Winnipeg North End,Winnipeg,covN2,solid
2021-08-18,16.621109,Winnipeg North End,Winnipeg,covN2,solid
2021-08-19,15.794893,Winnipeg North End,Winnipeg,covN2,solid
2021-08-22,9.11378375,Winnipeg North End,Winnipeg,covN2,solid
2021-08-25,5.96003166666667,Winnipeg North End,Winnipeg,covN2,solid
2021-08-26,7.974065,Winnipeg North End,Winnipeg,covN2,solid
2021-08-28,7.38453625,Winnipeg North End,Winnipeg,covN2,solid
2021-08-29,7.57387875,Winnipeg North End,Winnipeg,covN2,solid
2021-08-30,6.906765,Winnipeg North End,Winnipeg,covN2,solid
2021-09-01,7.622339,Winnipeg North End,Winnipeg,covN2,solid
2021-09-02,6.097522,Winnipeg North End,Winnipeg,covN2,solid
2021-09-04,6.423214,Winnipeg North End,Winnipeg,covN2,solid
2021-09-05,6.744891,Winnipeg North End,Winnipeg,covN2,solid
2021-09-06,7.234676,Winnipeg North End,Winnipeg,covN2,solid
2021-09-08,7.742808,Winnipeg North End,Winnipeg,covN2,solid
2021-09-09,8.906447,Winnipeg North End,Winnipeg,covN2,solid
2021-09-11,9.765879,Winnipeg North End,Winnipeg,covN2,solid
2021-09-12,9.771541,Winnipeg North End,Winnipeg,covN2,solid
2021-09-13,32.677513,Winnipeg North End,Winnipeg,covN2,solid
2021-09-15,30.494297,Winnipeg North End,Winnipeg,covN2,solid
2021-09-16,29.330658,Winnipeg North End,Winnipeg,covN2,solid
2021-09-18,27.862996,Winnipeg North End,Winnipeg,covN2,solid
2021-09-19,31.145643,Winnipeg North End,Winnipeg,covN2,solid
2021-09-20,8.205953,Winnipeg North End,Winnipeg,covN2,solid
2021-09-22,8.939037,Winnipeg North End,Winnipeg,covN2,solid
2021-09-23,10.252395,Winnipeg North End,Winnipeg,covN2,solid
2021-09-25,11.832907,Winnipeg North End,Winnipeg,covN2,solid
2021-09-26,8.443447,Winnipeg North End,Winnipeg,covN2,solid
2021-09-27,9.287864,Winnipeg North End,Winnipeg,covN2,solid
2021-09-29,10.182974,Winnipeg North End,Winnipeg,covN2,solid
2021-09-30,9.758199,Winnipeg North End,Winnipeg,covN2,solid
2021-10-02,9.656971,Winnipeg North End,Winnipeg,covN2,solid
2021-10-03,9.801806,Winnipeg North End,Winnipeg,covN2,solid
2021-10-04,8.844282,Winnipeg North End,Winnipeg,covN2,solid
2021-10-06,25.281836,Winnipeg North End,Winnipeg,covN2,solid
2021-10-07,24.826214,Winnipeg North End,Winnipeg,covN2,solid
2021-10-09,23.451045,Winnipeg North End,Winnipeg,covN2,solid
2021-10-10,24.704375,Winnipeg North End,Winnipeg,covN2,solid
2021-10-11,30.073551,Winnipeg North End,Winnipeg,covN2,solid
2021-10-13,12.881337,Winnipeg North End,Winnipeg,covN2,solid
2021-10-14,12.448376,Winnipeg North End,Winnipeg,covN2,solid
2021-10-16,12.493765,Winnipeg North End,Winnipeg,covN2,solid
2021-10-17,12.014425,Winnipeg North End,Winnipeg,covN2,solid
2021-10-18,8.793756,Winnipeg North End,Winnipeg,covN2,solid
2021-10-20,8.44427,Winnipeg North End,Winnipeg,covN2,solid
2021-10-21,8.643842,Winnipeg North End,Winnipeg,covN2,solid
2021-10-23,10.165423,Winnipeg North End,Winnipeg,covN2,solid
2021-10-24,13.095351,Winnipeg North End,Winnipeg,covN2,solid
2021-10-25,11.029789,Winnipeg North End,Winnipeg,covN2,solid
2021-10-27,10.96265,Winnipeg North End,Winnipeg,covN2,solid
2021-10-28,12.952732,Winnipeg North End,Winnipeg,covN2,solid
2021-10-30,13.281749,Winnipeg North End,Winnipeg,covN2,solid
2021-10-31,14.28505,Winnipeg North End,Winnipeg,covN2,solid
2021-11-01,18.592532,Winnipeg North End,Winnipeg,covN2,solid
2021-11-03,18.135623,Winnipeg North End,Winnipeg,covN2,solid
2021-11-04,17.747406,Winnipeg North End,Winnipeg,covN2,solid
2021-11-06,18.322785,Winnipeg North End,Winnipeg,covN2,solid
2021-11-07,14.847858,Winnipeg North End,Winnipeg,covN2,solid
2021-11-08,11.431547,Winnipeg North End,Winnipeg,covN2,solid
2021-11-10,13.691328,Winnipeg North End,Winnipeg,covN2,solid
2021-11-11,12.917659,Winnipeg North End,Winnipeg,covN2,solid
2021-11-13,13.73365,Winnipeg North End,Winnipeg,covN2,solid
2021-11-14,15.239332,Winnipeg North End,Winnipeg,covN2,solid
2021-11-15,15.771267,Winnipeg North End,Winnipeg,covN2,solid
2021-11-17,16.578839,Winnipeg North End,Winnipeg,covN2,solid
2021-11-18,17.315746,Winnipeg North End,Winnipeg,covN2,solid
2021-11-20,14.9692,Winnipeg North End,Winnipeg,covN2,solid
2021-11-21,12.183234,Winnipeg North End,Winnipeg,covN2,solid
2021-11-22,12.537885,Winnipeg North End,Winnipeg,covN2,solid
2021-11-24,18.700782,Winnipeg North End,Winnipeg,covN2,solid
2021-11-25,18.358696,Winnipeg North End,Winnipeg,covN2,solid
2021-11-27,19.322981,Winnipeg North End,Winnipeg,covN2,solid
2021-11-28,26.338766,Winnipeg North End,Winnipeg,covN2,solid
2021-11-29,34.320443,Winnipeg North End,Winnipeg,covN2,solid
2021-12-01,25.090193,Winnipeg North End,Winnipeg,covN2,solid
2021-12-02,23.267604,Winnipeg North End,Winnipeg,covN2,solid
2021-12-05,23.6288025,Winnipeg North End,Winnipeg,covN2,solid
2021-12-06,14.35128,Winnipeg North End,Winnipeg,covN2,solid
2021-12-08,16.71046875,Winnipeg North End,Winnipeg,covN2,solid
2021-12-09,23.2506475,Winnipeg North End,Winnipeg,covN2,solid
2021-12-11,29.005138,Winnipeg North End,Winnipeg,covN2,solid
2021-12-12,29.848383,Winnipeg North End,Winnipeg,covN2,solid
2021-12-13,33.296268,Winnipeg North End,Winnipeg,covN2,solid
2021-12-15,41.675203,Winnipeg North End,Winnipeg,covN2,solid
2021-12-16,46.267763,Winnipeg North End,Winnipeg,covN2,solid
2021-12-18,56.752956,Winnipeg North End,Winnipeg,covN2,solid
2021-12-19,64.783242,Winnipeg North End,Winnipeg,covN2,solid
2021-12-20,74.410014,Winnipeg North End,Winnipeg,covN2,solid
2021-12-22,74.218518,Winnipeg North End,Winnipeg,covN2,solid
2021-12-23,78.881866,Winnipeg North End,Winnipeg,covN2,solid
2021-12-25,104.078385,Winnipeg North End,Winnipeg,covN2,solid
2021-12-26,149.121524,Winnipeg North End,Winnipeg,covN2,solid
2021-12-27,167.157895,Winnipeg North End,Winnipeg,covN2,solid
2021-12-29,285.718124,Winnipeg North End,Winnipeg,covN2,solid
2021-12-30,401.055057,Winnipeg North End,Winnipeg,covN2,solid
2022-01-01,427.391176,Winnipeg North End,Winnipeg,covN2,solid
2022-01-02,482.023173,Winnipeg North End,Winnipeg,covN2,solid
2022-01-03,545.025555,Winnipeg North End,Winnipeg,covN2,solid
2022-01-05,531.544467,Winnipeg North End,Winnipeg,covN2,solid
2022-01-06,479.083502,Winnipeg North End,Winnipeg,covN2,solid
2022-01-08,511.919278,Winnipeg North End,Winnipeg,covN2,solid
2022-01-09,491.908638,Winnipeg North End,Winnipeg,covN2,solid
2022-01-10,490.240756,Winnipeg North End,Winnipeg,covN2,solid
2022-01-12,426.757692,Winnipeg North End,Winnipeg,covN2,solid
2022-01-13,393.62337,Winnipeg North End,Winnipeg,covN2,solid
2022-01-15,358.854459,Winnipeg North End,Winnipeg,covN2,solid
2022-01-16,317.609794,Winnipeg North End,Winnipeg,covN2,solid
2022-01-17,246.828261,Winnipeg North End,Winnipeg,covN2,solid
2022-01-19,257.820613,Winnipeg North End,Winnipeg,covN2,solid
2022-01-20,232.642023,Winnipeg North End,Winnipeg,covN2,solid
2022-01-22,210.267451,Winnipeg North End,Winnipeg,covN2,solid
2022-01-23,212.632222,Winnipeg North End,Winnipeg,covN2,solid
2022-01-24,220.637249,Winnipeg North End,Winnipeg,covN2,solid
2022-01-26,238.864306,Winnipeg North End,Winnipeg,covN2,solid
2022-01-27,266.690418,Winnipeg North End,Winnipeg,covN2,solid
2022-01-29,248.964272,Winnipeg North End,Winnipeg,covN2,solid
2022-01-30,228.121251,Winnipeg North End,Winnipeg,covN2,solid
2022-01-31,221.386678,Winnipeg North End,Winnipeg,covN2,solid
2022-02-02,146.865748,Winnipeg North End,Winnipeg,covN2,solid
2022-02-03,112.573335,Winnipeg North End,Winnipeg,covN2,solid
2022-02-05,95.299185,Winnipeg North End,Winnipeg,covN2,solid
2022-02-06,78.526925,Winnipeg North End,Winnipeg,covN2,solid
2022-02-07,55.694993,Winnipeg North End,Winnipeg,covN2,solid
2022-02-09,56.979969,Winnipeg North End,Winnipeg,covN2,solid
2022-02-10,49.349196,Winnipeg North End,Winnipeg,covN2,solid
2022-02-12,44.190791,Winnipeg North End,Winnipeg,covN2,solid
2022-02-13,39.5275,Winnipeg North End,Winnipeg,covN2,solid
2022-02-14,46.889659,Winnipeg North End,Winnipeg,covN2,solid
2022-02-16,48.067988,Winnipeg North End,Winnipeg,covN2,solid
2022-02-17,53.629434,Winnipeg North End,Winnipeg,covN2,solid
2022-02-19,47.672661,Winnipeg North End,Winnipeg,covN2,solid
2022-02-20,38.446259,Winnipeg North End,Winnipeg,covN2,solid
2022-02-21,30.204669,Winnipeg North End,Winnipeg,covN2,solid
2022-02-23,22.980679,Winnipeg North End,Winnipeg,covN2,solid
2022-02-24,14.513647,Winnipeg North End,Winnipeg,covN2,solid
2022-02-26,17.673172,Winnipeg North End,Winnipeg,covN2,solid
2022-02-27,15.947247,Winnipeg North End,Winnipeg,covN2,solid
2022-02-28,16.005914,Winnipeg North End,Winnipeg,covN2,solid
2022-03-02,15.108859,Winnipeg North End,Winnipeg,covN2,solid
2022-03-03,15.325069,Winnipeg North End,Winnipeg,covN2,solid
2022-03-05,12.574974,Winnipeg North End,Winnipeg,covN2,solid
2022-03-06,10.903207,Winnipeg North End,Winnipeg,covN2,solid
2022-03-07,23.94228,Winnipeg North End,Winnipeg,covN2,solid
2022-03-09,24.499711,Winnipeg North End,Winnipeg,covN2,solid
2022-03-10,24.139594,Winnipeg North End,Winnipeg,covN2,solid
2022-03-12,23.400281,Winnipeg North End,Winnipeg,covN2,solid
2022-03-13,25.486598,Winnipeg North End,Winnipeg,covN2,solid
2022-03-14,11.926754,Winnipeg North End,Winnipeg,covN2,solid
2022-03-16,11.513012,Winnipeg North End,Winnipeg,covN2,solid
2022-03-17,10.359285,Winnipeg North End,Winnipeg,covN2,solid
2022-03-20,7.4630225,Winnipeg North End,Winnipeg,covN2,solid
2022-03-21,5.55428,Winnipeg North End,Winnipeg,covN2,solid
2022-03-23,4.90967625,Winnipeg North End,Winnipeg,covN2,solid
2022-03-24,5.61897125,Winnipeg North End,Winnipeg,covN2,solid
2022-03-26,11.79029,Winnipeg North End,Winnipeg,covN2,solid
2022-03-27,13.749438,Winnipeg North End,Winnipeg,covN2,solid
2022-03-28,16.519764,Winnipeg North End,Winnipeg,covN2,solid
2022-03-30,22.048642,Winnipeg North End,Winnipeg,covN2,solid
2022-03-31,25.028587,Winnipeg North End,Winnipeg,covN2,solid
2022-04-02,23.602729,Winnipeg North End,Winnipeg,covN2,solid
2022-04-03,24.043421,Winnipeg North End,Winnipeg,covN2,solid
2022-04-04,28.251984,Winnipeg North End,Winnipeg,covN2,solid
2022-04-06,48.504205,Winnipeg North End,Winnipeg,covN2,solid
2022-04-07,46.259737,Winnipeg North End,Winnipeg,covN2,solid
2022-04-09,49.991613,Winnipeg North End,Winnipeg,covN2,solid
2022-04-10,55.835108,Winnipeg North End,Winnipeg,covN2,solid
2022-04-11,56.431944,Winnipeg North End,Winnipeg,covN2,solid
2022-04-13,34.332231,Winnipeg North End,Winnipeg,covN2,solid
2022-04-14,44.782041,Winnipeg North End,Winnipeg,covN2,solid
2022-04-16,46.32235,Winnipeg North End,Winnipeg,covN2,solid
2022-04-17,45.69893,Winnipeg North End,Winnipeg,covN2,solid
2022-04-18,44.276037,Winnipeg North End,Winnipeg,covN2,solid
2022-04-20,70.716044,Winnipeg North End,Winnipeg,covN2,solid
2022-04-21,63.320897,Winnipeg North End,Winnipeg,covN2,solid
2022-04-23,58.541743,Winnipeg North End,Winnipeg,covN2,solid
2022-04-24,52.497975,Winnipeg North End,Winnipeg,covN2,solid
2022-04-27,25.66859875,Winnipeg North End,Winnipeg,covN2,solid
2022-04-28,28.6353125,Winnipeg North End,Winnipeg,covN2,solid
2022-04-30,25.69669,Winnipeg North End,Winnipeg,covN2,solid
2022-05-01,44.00093375,Winnipeg North End,Winnipeg,covN2,solid
2022-05-02,40.068497,Winnipeg North End,Winnipeg,covN2,solid
2022-05-04,38.790634,Winnipeg North End,Winnipeg,covN2,solid
2022-05-05,34.976637,Winnipeg North End,Winnipeg,covN2,solid
2022-05-07,37.13851,Winnipeg North End,Winnipeg,covN2,solid
2022-05-08,26.287234,Winnipeg North End,Winnipeg,covN2,solid
2022-05-09,24.916799,Winnipeg North End,Winnipeg,covN2,solid
2022-05-11,29.650991,Winnipeg North End,Winnipeg,covN2,solid
2022-05-12,29.517632,Winnipeg North End,Winnipeg,covN2,solid
2022-05-14,26.576964,Winnipeg North End,Winnipeg,covN2,solid
2022-05-15,25.372797,Winnipeg North End,Winnipeg,covN2,solid
2022-05-16,26.153832,Winnipeg North End,Winnipeg,covN2,solid
2022-05-18,21.800775,Winnipeg North End,Winnipeg,covN2,solid
2022-05-19,23.642956,Winnipeg North End,Winnipeg,covN2,solid
2022-05-21,21.835868,Winnipeg North End,Winnipeg,covN2,solid
2022-05-22,19.727124,Winnipeg North End,Winnipeg,covN2,solid
2022-05-23,17.566758,Winnipeg North End,Winnipeg,covN2,solid
2022-05-26,11.5008125,Winnipeg North End,Winnipeg,covN2,solid
2022-05-28,21.35056875,Winnipeg North End,Winnipeg,covN2,solid
2022-05-29,46.20530875,Winnipeg North End,Winnipeg,covN2,solid
2022-05-30,53.50199125,Winnipeg North End,Winnipeg,covN2,solid
2022-06-01,69.689368,Winnipeg North End,Winnipeg,covN2,solid
2022-06-02,69.488486,Winnipeg North End,Winnipeg,covN2,solid
2022-06-04,63.991188,Winnipeg North End,Winnipeg,covN2,solid
2022-06-05,46.754096,Winnipeg North End,Winnipeg,covN2,solid
2022-06-06,44.437239,Winnipeg North End,Winnipeg,covN2,solid
2022-06-08,20.629678,Winnipeg North End,Winnipeg,covN2,solid
2022-06-09,22.453484,Winnipeg North End,Winnipeg,covN2,solid
2022-06-11,25.468855,Winnipeg North End,Winnipeg,covN2,solid
2022-06-12,24.627551,Winnipeg North End,Winnipeg,covN2,solid
2022-06-13,24.24328,Winnipeg North End,Winnipeg,covN2,solid
2022-06-15,21.763066,Winnipeg North End,Winnipeg,covN2,solid
2022-06-16,18.502044,Winnipeg North End,Winnipeg,covN2,solid
2022-06-18,13.311649,Winnipeg North End,Winnipeg,covN2,solid
2022-06-19,8.858553,Winnipeg North End,Winnipeg,covN2,solid
2022-06-20,4.204351,Winnipeg North End,Winnipeg,covN2,solid
2022-06-22,4.204351,Winnipeg North End,Winnipeg,covN2,solid
2022-06-23,4.428108,Winnipeg North End,Winnipeg,covN2,solid
2022-06-25,4.087241,Winnipeg North End,Winnipeg,covN2,solid
2022-06-26,4.370193,Winnipeg North End,Winnipeg,covN2,solid
2022-06-27,6.476963,Winnipeg North End,Winnipeg,covN2,solid
2022-06-29,7.036201,Winnipeg North End,Winnipeg,covN2,solid
2022-06-30,7.375191,Winnipeg North End,Winnipeg,covN2,solid
2022-07-02,8.748651,Winnipeg North End,Winnipeg,covN2,solid
2022-07-03,10.39264,Winnipeg North End,Winnipeg,covN2,solid
2022-07-04,14.622112,Winnipeg North End,Winnipeg,covN2,solid
2022-07-06,59.780472,Winnipeg North End,Winnipeg,covN2,solid
2022-07-07,61.580457,Winnipeg North End,Winnipeg,covN2,solid
2022-07-09,62.567587,Winnipeg North End,Winnipeg,covN2,solid
2022-07-10,63.677308,Winnipeg North End,Winnipeg,covN2,solid
2022-07-11,79.435071,Winnipeg North End,Winnipeg,covN2,solid
2022-07-13,35.149238,Winnipeg North End,Winnipeg,covN2,solid
2022-07-14,34.327583,Winnipeg North End,Winnipeg,covN2,solid
2022-07-16,36.195004,Winnipeg North End,Winnipeg,covN2,solid
2022-07-17,37.775623,Winnipeg North End,Winnipeg,covN2,solid
2022-07-18,19.931616000000002,Winnipeg North End,Winnipeg,covN2,solid
2022-07-20,27.118616,Winnipeg North End,Winnipeg,covN2,solid
2022-07-21,49.127555,Winnipeg North End,Winnipeg,covN2,solid
2022-07-23,57.540017,Winnipeg North End,Winnipeg,covN2,solid
2022-07-24,62.98822,Winnipeg North End,Winnipeg,covN2,solid
2022-07-25,66.673488,Winnipeg North End,Winnipeg,covN2,solid
2022-07-27,61.884665,Winnipeg North End,Winnipeg,covN2,solid
2022-07-28,40.986504,Winnipeg North End,Winnipeg,covN2,solid
2022-07-30,33.740721,Winnipeg North End,Winnipeg,covN2,solid
2022-07-31,27.826611,Winnipeg North End,Winnipeg,covN2,solid
2022-08-01,23.633632,Winnipeg North End,Winnipeg,covN2,solid
2022-08-03,24.599066,Winnipeg North End,Winnipeg,covN2,solid
2022-08-04,24.697204,Winnipeg North End,Winnipeg,covN2,solid
2022-08-06,24.803978,Winnipeg North End,Winnipeg,covN2,solid
2022-08-07,24.452807,Winnipeg North End,Winnipeg,covN2,solid
2022-08-08,28.598133,Winnipeg North End,Winnipeg,covN2,solid
2022-08-10,26.668479,Winnipeg North End,Winnipeg,covN2,solid
2022-08-11,37.472426,Winnipeg North End,Winnipeg,covN2,solid
2022-08-13,35.902347,Winnipeg North End,Winnipeg,covN2,solid
2022-08-14,38.299927,Winnipeg North End,Winnipeg,covN2,solid
2022-08-15,33.897986,Winnipeg North End,Winnipeg,covN2,solid
2022-08-17,32.231778,Winnipeg North End,Winnipeg,covN2,solid
2022-08-18,21.581265,Winnipeg North End,Winnipeg,covN2,solid
2022-08-20,19.050119,Winnipeg North End,Winnipeg,covN2,solid
2022-08-21,13.723159,Winnipeg North End,Winnipeg,covN2,solid
2022-08-22,11.190352,Winnipeg North End,Winnipeg,covN2,solid
2022-08-24,11.968805,Winnipeg North End,Winnipeg,covN2,solid
2022-08-25,15.063648,Winnipeg North End,Winnipeg,covN2,solid
2022-08-27,27.074161,Winnipeg North End,Winnipeg,covN2,solid
2022-08-28,37.226107,Winnipeg North End,Winnipeg,covN2,solid
2022-08-29,45.489173,Winnipeg North End,Winnipeg,covN2,solid
2022-08-31,48.386204,Winnipeg North End,Winnipeg,covN2,solid
2022-09-01,46.559751,Winnipeg North End,Winnipeg,covN2,solid
2022-09-03,48.275132,Winnipeg North End,Winnipeg,covN2,solid
2022-09-04,52.727902,Winnipeg North End,Winnipeg,covN2,solid
2022-09-05,55.592224,Winnipeg North End,Winnipeg,covN2,solid
2022-09-07,55.33607,Winnipeg North End,Winnipeg,covN2,solid
2022-09-08,55.036626,Winnipeg North End,Winnipeg,covN2,solid
2022-09-10,45.674831,Winnipeg North End,Winnipeg,covN2,solid
2022-09-11,39.04598,Winnipeg North End,Winnipeg,covN2,solid
2022-09-12,37.589866,Winnipeg North End,Winnipeg,covN2,solid
2022-09-14,35.333434,Winnipeg North End,Winnipeg,covN2,solid
2022-09-15,35.340854,Winnipeg North End,Winnipeg,covN2,solid
2022-09-17,29.317617,Winnipeg North End,Winnipeg,covN2,solid
2022-09-18,21.134791,Winnipeg North End,Winnipeg,covN2,solid
2022-09-19,13.961695,Winnipeg North End,Winnipeg,covN2,solid
2022-09-21,23.717388,Winnipeg North End,Winnipeg,covN2,solid
2022-09-22,24.532766,Winnipeg North End,Winnipeg,covN2,solid
2022-09-24,37.824698,Winnipeg North End,Winnipeg,covN2,solid
2022-09-25,51.296158,Winnipeg North End,Winnipeg,covN2,solid
2022-09-26,58.690693,Winnipeg North End,Winnipeg,covN2,solid
2022-09-28,53.508253,Winnipeg North End,Winnipeg,covN2,solid
2022-09-29,55.3944,Winnipeg North End,Winnipeg,covN2,solid
2022-10-01,52.143575,Winnipeg North End,Winnipeg,covN2,solid
2022-10-02,44.019044,Winnipeg North End,Winnipeg,covN2,solid
2022-10-03,41.217201,Winnipeg North End,Winnipeg,covN2,solid
2022-10-05,42.72265,Winnipeg North End,Winnipeg,covN2,solid
2022-10-06,45.442614,Winnipeg North End,Winnipeg,covN2,solid
2022-10-08,42.215891,Winnipeg North End,Winnipeg,covN2,solid
2022-10-09,41.004603,Winnipeg North End,Winnipeg,covN2,solid
2022-10-10,41.884401,Winnipeg North End,Winnipeg,covN2,solid
2022-10-12,135.358181,Winnipeg North End,Winnipeg,covN2,solid
2022-10-13,157.874036,Winnipeg North End,Winnipeg,covN2,solid
2022-10-15,161.934598,Winnipeg North End,Winnipeg,covN2,solid
2022-10-16,167.163981,Winnipeg North End,Winnipeg,covN2,solid
2022-10-17,220.371829,Winnipeg North End,Winnipeg,covN2,solid
2022-10-19,133.672971,Winnipeg North End,Winnipeg,covN2,solid
2022-10-20,111.865154,Winnipeg North End,Winnipeg,covN2,solid
2022-10-22,118.907477,Winnipeg North End,Winnipeg,covN2,solid
2022-10-23,120.684902,Winnipeg North End,Winnipeg,covN2,solid
2022-10-24,63.795855,Winnipeg North End,Winnipeg,covN2,solid
2022-10-26,55.700374,Winnipeg North End,Winnipeg,covN2,solid
2022-10-27,57.137835,Winnipeg North End,Winnipeg,covN2,solid
2022-10-29,57.504316,Winnipeg North End,Winnipeg,covN2,solid
2022-10-30,56.27564,Winnipeg North End,Winnipeg,covN2,solid
2022-10-31,56.391044,Winnipeg North End,Winnipeg,covN2,solid
2022-11-02,52.847538,Winnipeg North End,Winnipeg,covN2,solid
2022-11-03,55.152356,Winnipeg North End,Winnipeg,covN2,solid
2022-11-05,46.676915,Winnipeg North End,Winnipeg,covN2,solid
2022-11-06,50.368675,Winnipeg North End,Winnipeg,covN2,solid
2022-11-07,58.309399,Winnipeg North End,Winnipeg,covN2,solid
2022-11-09,77.272433,Winnipeg North End,Winnipeg,covN2,solid
2022-11-10,80.653741,Winnipeg North End,Winnipeg,covN2,solid
2022-11-12,95.296345,Winnipeg North End,Winnipeg,covN2,solid
2022-11-13,88.415182,Winnipeg North End,Winnipeg,covN2,solid
2022-11-14,110.240266,Winnipeg North End,Winnipeg,covN2,solid
2022-11-16,96.270939,Winnipeg North End,Winnipeg,covN2,solid
2022-11-17,109.070708,Winnipeg North End,Winnipeg,covN2,solid
2022-11-19,95.758582,Winnipeg North End,Winnipeg,covN2,solid
2022-11-20,98.497334,Winnipeg North End,Winnipeg,covN2,solid
2022-11-21,69.488736,Winnipeg North End,Winnipeg,covN2,solid
2022-11-23,79.261843,Winnipeg North End,Winnipeg,covN2,solid
2022-11-24,61.380592,Winnipeg North End,Winnipeg,covN2,solid
2022-11-26,74.091039,Winnipeg North End,Winnipeg,covN2,solid
2022-11-27,120.01017,Winnipeg North End,Winnipeg,covN2,solid
2022-11-28,124.305229,Winnipeg North End,Winnipeg,covN2,solid
2022-11-30,114.035709,Winnipeg North End,Winnipeg,covN2,solid
2022-12-01,107.207749,Winnipeg North End,Winnipeg,covN2,solid
2022-12-03,91.168051,Winnipeg North End,Winnipeg,covN2,solid
2022-12-04,38.281407,Winnipeg North End,Winnipeg,covN2,solid
2022-12-05,32.391128,Winnipeg North End,Winnipeg,covN2,solid
2022-12-07,26.753577,Winnipeg North End,Winnipeg,covN2,solid
2022-12-08,32.423019,Winnipeg North End,Winnipeg,covN2,solid
2022-12-10,25.986191,Winnipeg North End,Winnipeg,covN2,solid
2022-12-11,26.722601,Winnipeg North End,Winnipeg,covN2,solid
2022-12-12,30.777099,Winnipeg North End,Winnipeg,covN2,solid
2022-12-14,35.22353,Winnipeg North End,Winnipeg,covN2,solid
2022-12-15,40.55552,Winnipeg North End,Winnipeg,covN2,solid
2022-12-17,42.022033,Winnipeg North End,Winnipeg,covN2,solid
2022-12-18,41.130442,Winnipeg North End,Winnipeg,covN2,solid
2022-12-19,35.151252,Winnipeg North End,Winnipeg,covN2,solid
2022-12-21,30.251858,Winnipeg North End,Winnipeg,covN2,solid
2022-12-22,16.365253,Winnipeg North End,Winnipeg,covN2,solid
2022-12-24,15.57199,Winnipeg North End,Winnipeg,covN2,solid
2022-12-25,21.174107,Winnipeg North End,Winnipeg,covN2,solid
2022-12-26,23.375932,Winnipeg North End,Winnipeg,covN2,solid
2022-12-28,27.91262,Winnipeg North End,Winnipeg,covN2,solid
2022-12-29,27.446984,Winnipeg North End,Winnipeg,covN2,solid
2022-12-31,27.195309,Winnipeg North End,Winnipeg,covN2,solid
2023-01-01,23.634692,Winnipeg North End,Winnipeg,covN2,solid
2023-01-02,28.397451,Winnipeg North End,Winnipeg,covN2,solid
2023-01-04,24.693664,Winnipeg North End,Winnipeg,covN2,solid
2023-01-05,25.239841,Winnipeg North End,Winnipeg,covN2,solid
2023-01-07,25.590267,Winnipeg North End,Winnipeg,covN2,solid
2023-01-08,23.655495,Winnipeg North End,Winnipeg,covN2,solid
2023-01-09,21.299153,Winnipeg North End,Winnipeg,covN2,solid
2023-01-11,23.89251,Winnipeg North End,Winnipeg,covN2,solid
2023-01-12,22.52563,Winnipeg North End,Winnipeg,covN2,solid
2023-01-14,21.179671,Winnipeg North End,Winnipeg,covN2,solid
2023-01-15,20.76563,Winnipeg North End,Winnipeg,covN2,solid
2023-01-16,19.212514,Winnipeg North End,Winnipeg,covN2,solid
2023-01-18,15.064628,Winnipeg North End,Winnipeg,covN2,solid
2023-01-19,16.137297,Winnipeg North End,Winnipeg,covN2,solid
2023-01-21,15.628962,Winnipeg North End,Winnipeg,covN2,solid
2023-01-22,15.848912,Winnipeg North End,Winnipeg,covN2,solid
2023-01-23,10.874141,Winnipeg North End,Winnipeg,covN2,solid
2023-01-25,9.84151,Winnipeg North End,Winnipeg,covN2,solid
2023-01-26,8.208398,Winnipeg North End,Winnipeg,covN2,solid
2023-01-28,11.739973,Winnipeg North End,Winnipeg,covN2,solid
2023-01-29,10.408924,Winnipeg North End,Winnipeg,covN2,solid
2023-02-09,13.81677,Winnipeg North End,Winnipeg,covN2,solid
2023-02-11,33.3992925,Winnipeg North End,Winnipeg,covN2,solid
2023-02-12,33.1781566666667,Winnipeg North End,Winnipeg,covN2,solid
2023-02-13,29.88154625,Winnipeg North End,Winnipeg,covN2,solid
2023-02-15,27.358712,Winnipeg North End,Winnipeg,covN2,solid
2023-02-16,64.063108,Winnipeg North End,Winnipeg,covN2,solid
2023-02-19,70.1009225,Winnipeg North End,Winnipeg,covN2,solid
2023-02-20,75.143575,Winnipeg North End,Winnipeg,covN2,solid
2023-02-22,79.81466875,Winnipeg North End,Winnipeg,covN2,solid
2023-02-23,37.42845125,Winnipeg North End,Winnipeg,covN2,solid
2023-02-25,38.008628,Winnipeg North End,Winnipeg,covN2,solid
2023-02-26,35.340593,Winnipeg North End,Winnipeg,covN2,solid
2023-02-27,32.386623,Winnipeg North End,Winnipeg,covN2,solid
2023-03-01,36.129379,Winnipeg North End,Winnipeg,covN2,solid
2023-03-02,40.610724,Winnipeg North End,Winnipeg,covN2,solid
2023-03-04,38.498046,Winnipeg North End,Winnipeg,covN2,solid
2023-03-05,39.359672,Winnipeg North End,Winnipeg,covN2,solid
2023-03-06,40.344031,Winnipeg North End,Winnipeg,covN2,solid
2023-03-08,34.050523,Winnipeg North End,Winnipeg,covN2,solid
2023-03-09,25.364702,Winnipeg North End,Winnipeg,covN2,solid
2023-03-11,24.651255,Winnipeg North End,Winnipeg,covN2,solid
2023-03-12,23.550786,Winnipeg North End,Winnipeg,covN2,solid
2023-03-13,69.28736,Winnipeg North End,Winnipeg,covN2,solid
2021-04-14,49.66872,Winnipeg South End,Winnipeg,covN2,solid
2021-04-21,42.6184125,Winnipeg South End,Winnipeg,covN2,solid
2021-04-28,131.3792325,Winnipeg South End,Winnipeg,covN2,solid
2021-05-05,54.0596825,Winnipeg South End,Winnipeg,covN2,solid
2021-05-11,129.19569375,Winnipeg South End,Winnipeg,covN2,solid
2021-05-12,148.520235,Winnipeg South End,Winnipeg,covN2,solid
2021-05-15,151.425925,Winnipeg South End,Winnipeg,covN2,solid
2021-05-16,137.91374875,Winnipeg South End,Winnipeg,covN2,solid
2021-05-17,123.884241,Winnipeg South End,Winnipeg,covN2,solid
2021-05-18,92.616048,Winnipeg South End,Winnipeg,covN2,solid
2021-05-19,82.954661,Winnipeg South End,Winnipeg,covN2,solid
2021-05-22,67.097872,Winnipeg South End,Winnipeg,covN2,solid
2021-05-23,59.125995,Winnipeg South End,Winnipeg,covN2,solid
2021-05-24,57.202406,Winnipeg South End,Winnipeg,covN2,solid
2021-05-25,52.535918,Winnipeg South End,Winnipeg,covN2,solid
2021-05-26,52.136981,Winnipeg South End,Winnipeg,covN2,solid
2021-05-28,48.7615958333333,Winnipeg South End,Winnipeg,covN2,solid
2021-05-29,41.5296558333333,Winnipeg South End,Winnipeg,covN2,solid
2021-05-30,42.2419333333333,Winnipeg South End,Winnipeg,covN2,solid
2021-06-01,39.640194,Winnipeg South End,Winnipeg,covN2,solid
2021-06-02,36.610141,Winnipeg South End,Winnipeg,covN2,solid
2021-06-05,48.792015,Winnipeg South End,Winnipeg,covN2,solid
2021-06-06,40.302575,Winnipeg South End,Winnipeg,covN2,solid
2021-06-07,35.943385,Winnipeg South End,Winnipeg,covN2,solid
2021-06-08,33.224045,Winnipeg South End,Winnipeg,covN2,solid
2021-06-09,33.85835,Winnipeg South End,Winnipeg,covN2,solid
2021-06-12,65.972758,Winnipeg South End,Winnipeg,covN2,solid
2021-06-13,65.568383,Winnipeg South End,Winnipeg,covN2,solid
2021-06-14,65.9164,Winnipeg South End,Winnipeg,covN2,solid
2021-06-15,72.203775,Winnipeg South End,Winnipeg,covN2,solid
2021-06-16,72.038854,Winnipeg South End,Winnipeg,covN2,solid
2021-06-19,28.05573,Winnipeg South End,Winnipeg,covN2,solid
2021-06-20,26.786424,Winnipeg South End,Winnipeg,covN2,solid
2021-06-21,26.422151,Winnipeg South End,Winnipeg,covN2,solid
2021-06-22,24.657176,Winnipeg South End,Winnipeg,covN2,solid
2021-06-23,21.199215,Winnipeg South End,Winnipeg,covN2,solid
2021-06-26,19.95896,Winnipeg South End,Winnipeg,covN2,solid
2021-06-27,18.429161,Winnipeg South End,Winnipeg,covN2,solid
2021-06-28,15.786082,Winnipeg South End,Winnipeg,covN2,solid
2021-06-30,9.3598975,Winnipeg South End,Winnipeg,covN2,solid
2021-07-01,8.276406,Winnipeg South End,Winnipeg,covN2,solid
2021-07-03,6.907272,Winnipeg South End,Winnipeg,covN2,solid
2021-07-04,7.257568,Winnipeg South End,Winnipeg,covN2,solid
2021-07-05,9.805704,Winnipeg South End,Winnipeg,covN2,solid
2021-07-07,8.926822,Winnipeg South End,Winnipeg,covN2,solid
2021-07-08,9.884036,Winnipeg South End,Winnipeg,covN2,solid
2021-07-10,10.829889,Winnipeg South End,Winnipeg,covN2,solid
2021-07-11,10.935155,Winnipeg South End,Winnipeg,covN2,solid
2021-07-12,8.606645,Winnipeg South End,Winnipeg,covN2,solid
2021-07-14,9.199275,Winnipeg South End,Winnipeg,covN2,solid
2021-07-15,8.053573,Winnipeg South End,Winnipeg,covN2,solid
2021-07-17,7.257425,Winnipeg South End,Winnipeg,covN2,solid
2021-07-18,5.897408,Winnipeg South End,Winnipeg,covN2,solid
2021-07-19,7.058304,Winnipeg South End,Winnipeg,covN2,solid
2021-07-21,8.478155,Winnipeg South End,Winnipeg,covN2,solid
2021-07-22,10.327223,Winnipeg South End,Winnipeg,covN2,solid
2021-07-24,9.935751,Winnipeg South End,Winnipeg,covN2,solid
2021-07-25,9.076938,Winnipeg South End,Winnipeg,covN2,solid
2021-07-26,8.147654,Winnipeg South End,Winnipeg,covN2,solid
2021-07-28,8.263453,Winnipeg South End,Winnipeg,covN2,solid
2021-07-29,6.414385,Winnipeg South End,Winnipeg,covN2,solid
2021-07-31,6.89559,Winnipeg South End,Winnipeg,covN2,solid
2021-08-01,7.466812,Winnipeg South End,Winnipeg,covN2,solid
2021-08-02,10.324078,Winnipeg South End,Winnipeg,covN2,solid
2021-08-03,9.82609166666667,Winnipeg South End,Winnipeg,covN2,solid
2021-08-04,10.0591816666667,Winnipeg South End,Winnipeg,covN2,solid
2021-08-07,25.943447,Winnipeg South End,Winnipeg,covN2,solid
2021-08-08,27.531141,Winnipeg South End,Winnipeg,covN2,solid
2021-08-09,26.543414,Winnipeg South End,Winnipeg,covN2,solid
2021-08-11,28.8882975,Winnipeg South End,Winnipeg,covN2,solid
2021-08-12,24.046558,Winnipeg South End,Winnipeg,covN2,solid
2021-08-14,10.150091,Winnipeg South End,Winnipeg,covN2,solid
2021-08-15,8.813078,Winnipeg South End,Winnipeg,covN2,solid
2021-08-16,6.547567,Winnipeg South End,Winnipeg,covN2,solid
2021-08-18,7.127879,Winnipeg South End,Winnipeg,covN2,solid
2021-08-19,7.647979,Winnipeg South End,Winnipeg,covN2,solid
2021-08-21,7.970184,Winnipeg South End,Winnipeg,covN2,solid
2021-08-22,8.745638,Winnipeg South End,Winnipeg,covN2,solid
2021-08-23,11.545913,Winnipeg South End,Winnipeg,covN2,solid
2021-08-25,11.134851,Winnipeg South End,Winnipeg,covN2,solid
2021-08-26,11.259745,Winnipeg South End,Winnipeg,covN2,solid
2021-08-28,9.98398,Winnipeg South End,Winnipeg,covN2,solid
2021-08-29,9.022029,Winnipeg South End,Winnipeg,covN2,solid
2021-08-30,6.393918,Winnipeg South End,Winnipeg,covN2,solid
2021-09-01,6.44365,Winnipeg South End,Winnipeg,covN2,solid
2021-09-02,5.462736,Winnipeg South End,Winnipeg,covN2,solid
2021-09-04,5.100353,Winnipeg South End,Winnipeg,covN2,solid
2021-09-05,4.695717,Winnipeg South End,Winnipeg,covN2,solid
2021-09-06,5.303685,Winnipeg South End,Winnipeg,covN2,solid
2021-09-08,8.122346,Winnipeg South End,Winnipeg,covN2,solid
2021-09-09,9.169029,Winnipeg South End,Winnipeg,covN2,solid
2021-09-11,9.665507,Winnipeg South End,Winnipeg,covN2,solid
2021-09-12,11.158058,Winnipeg South End,Winnipeg,covN2,solid
2021-09-13,10.673211,Winnipeg South End,Winnipeg,covN2,solid
2021-09-15,7.193124,Winnipeg South End,Winnipeg,covN2,solid
2021-09-16,6.146441,Winnipeg South End,Winnipeg,covN2,solid
2021-09-18,6.402992,Winnipeg South End,Winnipeg,covN2,solid
2021-09-19,6.364168,Winnipeg South End,Winnipeg,covN2,solid
2021-09-20,8.007543,Winnipeg South End,Winnipeg,covN2,solid
2021-09-22,8.580623,Winnipeg South End,Winnipeg,covN2,solid
2021-09-23,9.449645,Winnipeg South End,Winnipeg,covN2,solid
2021-09-25,8.999709,Winnipeg South End,Winnipeg,covN2,solid
2021-09-26,9.184271,Winnipeg South End,Winnipeg,covN2,solid
2021-09-27,7.275559,Winnipeg South End,Winnipeg,covN2,solid
2021-09-29,7.163531,Winnipeg South End,Winnipeg,covN2,solid
2021-09-30,7.526393,Winnipeg South End,Winnipeg,covN2,solid
2021-10-02,19.279031,Winnipeg South End,Winnipeg,covN2,solid
2021-10-03,18.889382,Winnipeg South End,Winnipeg,covN2,solid
2021-10-04,19.631385,Winnipeg South End,Winnipeg,covN2,solid
2021-10-06,20.005919,Winnipeg South End,Winnipeg,covN2,solid
2021-10-07,23.404063,Winnipeg South End,Winnipeg,covN2,solid
2021-10-09,13.459694,Winnipeg South End,Winnipeg,covN2,solid
2021-10-10,14.028011,Winnipeg South End,Winnipeg,covN2,solid
2021-10-11,13.246299,Winnipeg South End,Winnipeg,covN2,solid
2021-10-13,15.678427,Winnipeg South End,Winnipeg,covN2,solid
2021-10-14,14.134635,Winnipeg South End,Winnipeg,covN2,solid
2021-10-16,12.861355,Winnipeg South End,Winnipeg,covN2,solid
2021-10-17,12.778683,Winnipeg South End,Winnipeg,covN2,solid
2021-10-18,13.002029,Winnipeg South End,Winnipeg,covN2,solid
2021-10-20,11.516895,Winnipeg South End,Winnipeg,covN2,solid
2021-10-21,9.856435,Winnipeg South End,Winnipeg,covN2,solid
2021-10-23,13.345188,Winnipeg South End,Winnipeg,covN2,solid
2021-10-24,14.263933,Winnipeg South End,Winnipeg,covN2,solid
2021-10-25,13.970829,Winnipeg South End,Winnipeg,covN2,solid
2021-10-27,14.276435,Winnipeg South End,Winnipeg,covN2,solid
2021-10-28,15.158412,Winnipeg South End,Winnipeg,covN2,solid
2021-10-30,15.902615,Winnipeg South End,Winnipeg,covN2,solid
2021-10-31,14.764666,Winnipeg South End,Winnipeg,covN2,solid
2021-11-01,16.945658,Winnipeg South End,Winnipeg,covN2,solid
2021-11-03,24.759342,Winnipeg South End,Winnipeg,covN2,solid
2021-11-04,25.424002,Winnipeg South End,Winnipeg,covN2,solid
2021-11-06,27.044622,Winnipeg South End,Winnipeg,covN2,solid
2021-11-07,33.262544,Winnipeg South End,Winnipeg,covN2,solid
2021-11-08,33.260256,Winnipeg South End,Winnipeg,covN2,solid
2021-11-10,30.587282,Winnipeg South End,Winnipeg,covN2,solid
2021-11-11,31.924473,Winnipeg South End,Winnipeg,covN2,solid
2021-11-13,29.81117,Winnipeg South End,Winnipeg,covN2,solid
2021-11-14,38.957853,Winnipeg South End,Winnipeg,covN2,solid
2021-11-15,41.938759,Winnipeg South End,Winnipeg,covN2,solid
2021-11-17,36.185062,Winnipeg South End,Winnipeg,covN2,solid
2021-11-18,36.287904,Winnipeg South End,Winnipeg,covN2,solid
2021-11-20,32.95107,Winnipeg South End,Winnipeg,covN2,solid
2021-11-21,16.234417,Winnipeg South End,Winnipeg,covN2,solid
2021-11-22,11.549786,Winnipeg South End,Winnipeg,covN2,solid
2021-11-24,10.713544,Winnipeg South End,Winnipeg,covN2,solid
2021-11-25,8.634791,Winnipeg South End,Winnipeg,covN2,solid
2021-11-27,10.190198,Winnipeg South End,Winnipeg,covN2,solid
2021-11-28,12.348712,Winnipeg South End,Winnipeg,covN2,solid
2021-11-29,13.116128,Winnipeg South End,Winnipeg,covN2,solid
2021-12-01,13.23616,Winnipeg South End,Winnipeg,covN2,solid
2021-12-02,10.902467,Winnipeg South End,Winnipeg,covN2,solid
2021-12-04,11.970771,Winnipeg South End,Winnipeg,covN2,solid
2021-12-05,12.595928,Winnipeg South End,Winnipeg,covN2,solid
2021-12-06,12.562177,Winnipeg South End,Winnipeg,covN2,solid
2021-12-08,14.464126,Winnipeg South End,Winnipeg,covN2,solid
2021-12-09,18.834889,Winnipeg South End,Winnipeg,covN2,solid
2021-12-11,19.122281,Winnipeg South End,Winnipeg,covN2,solid
2021-12-12,19.89229,Winnipeg South End,Winnipeg,covN2,solid
2021-12-13,21.822862,Winnipeg South End,Winnipeg,covN2,solid
2021-12-15,24.047389,Winnipeg South End,Winnipeg,covN2,solid
2021-12-16,23.602516,Winnipeg South End,Winnipeg,covN2,solid
2021-12-18,25.277691,Winnipeg South End,Winnipeg,covN2,solid
2021-12-19,28.544701,Winnipeg South End,Winnipeg,covN2,solid
2021-12-20,39.956112,Winnipeg South End,Winnipeg,covN2,solid
2021-12-22,54.283984,Winnipeg South End,Winnipeg,covN2,solid
2021-12-23,77.808556,Winnipeg South End,Winnipeg,covN2,solid
2021-12-25,106.650558,Winnipeg South End,Winnipeg,covN2,solid
2021-12-26,176.243506,Winnipeg South End,Winnipeg,covN2,solid
2021-12-27,216.057105,Winnipeg South End,Winnipeg,covN2,solid
2021-12-29,262.140925,Winnipeg South End,Winnipeg,covN2,solid
2021-12-30,276.411595,Winnipeg South End,Winnipeg,covN2,solid
2022-01-01,285.455942,Winnipeg South End,Winnipeg,covN2,solid
2022-01-02,270.662704,Winnipeg South End,Winnipeg,covN2,solid
2022-01-03,251.194081,Winnipeg South End,Winnipeg,covN2,solid
2022-01-05,239.862497,Winnipeg South End,Winnipeg,covN2,solid
2022-01-06,274.483521,Winnipeg South End,Winnipeg,covN2,solid
2022-01-08,269.609704,Winnipeg South End,Winnipeg,covN2,solid
2022-01-09,248.897573,Winnipeg South End,Winnipeg,covN2,solid
2022-01-10,275.996207,Winnipeg South End,Winnipeg,covN2,solid
2022-01-12,273.847018,Winnipeg South End,Winnipeg,covN2,solid
2022-01-13,275.944486,Winnipeg South End,Winnipeg,covN2,solid
2022-01-15,278.418566,Winnipeg South End,Winnipeg,covN2,solid
2022-01-16,279.679291,Winnipeg South End,Winnipeg,covN2,solid
2022-01-17,237.257894,Winnipeg South End,Winnipeg,covN2,solid
2022-01-19,230.668837,Winnipeg South End,Winnipeg,covN2,solid
2022-01-20,206.184229,Winnipeg South End,Winnipeg,covN2,solid
2022-01-22,189.035933,Winnipeg South End,Winnipeg,covN2,solid
2022-01-23,173.457538,Winnipeg South End,Winnipeg,covN2,solid
2022-01-24,175.152101,Winnipeg South End,Winnipeg,covN2,solid
2022-01-26,148.789566,Winnipeg South End,Winnipeg,covN2,solid
2022-01-27,107.664612,Winnipeg South End,Winnipeg,covN2,solid
2022-01-29,148.118089,Winnipeg South End,Winnipeg,covN2,solid
2022-01-30,163.473703,Winnipeg South End,Winnipeg,covN2,solid
2022-01-31,157.017494,Winnipeg South End,Winnipeg,covN2,solid
2022-02-02,142.05424,Winnipeg South End,Winnipeg,covN2,solid
2022-02-03,135.241246,Winnipeg South End,Winnipeg,covN2,solid
2022-02-05,74.73832,Winnipeg South End,Winnipeg,covN2,solid
2022-02-06,38.369333,Winnipeg South End,Winnipeg,covN2,solid
2022-02-07,39.83285,Winnipeg South End,Winnipeg,covN2,solid
2022-02-09,39.815178,Winnipeg South End,Winnipeg,covN2,solid
2022-02-10,38.321418,Winnipeg South End,Winnipeg,covN2,solid
2022-02-12,37.14732,Winnipeg South End,Winnipeg,covN2,solid
2022-02-13,34.026965,Winnipeg South End,Winnipeg,covN2,solid
2022-02-14,19.954545,Winnipeg South End,Winnipeg,covN2,solid
2022-02-16,20.612663,Winnipeg South End,Winnipeg,covN2,solid
2022-02-17,19.497944,Winnipeg South End,Winnipeg,covN2,solid
2022-02-19,21.64428,Winnipeg South End,Winnipeg,covN2,solid
2022-02-20,21.774322,Winnipeg South End,Winnipeg,covN2,solid
2022-02-21,23.977617,Winnipeg South End,Winnipeg,covN2,solid
2022-02-23,33.672274,Winnipeg South End,Winnipeg,covN2,solid
2022-02-24,35.929477,Winnipeg South End,Winnipeg,covN2,solid
2022-02-26,36.851602,Winnipeg South End,Winnipeg,covN2,solid
2022-02-27,41.006484,Winnipeg South End,Winnipeg,covN2,solid
2022-02-28,38.453776,Winnipeg South End,Winnipeg,covN2,solid
2022-03-02,27.84661,Winnipeg South End,Winnipeg,covN2,solid
2022-03-03,25.449292,Winnipeg South End,Winnipeg,covN2,solid
2022-03-05,24.436204,Winnipeg South End,Winnipeg,covN2,solid
2022-03-06,24.26902,Winnipeg South End,Winnipeg,covN2,solid
2022-03-07,26.083459,Winnipeg South End,Winnipeg,covN2,solid
2022-03-09,24.727681,Winnipeg South End,Winnipeg,covN2,solid
2022-03-10,26.5319,Winnipeg South End,Winnipeg,covN2,solid
2022-03-12,27.946689,Winnipeg South End,Winnipeg,covN2,solid
2022-03-13,24.497786,Winnipeg South End,Winnipeg,covN2,solid
2022-03-14,27.959828,Winnipeg South End,Winnipeg,covN2,solid
2022-03-16,32.629331,Winnipeg South End,Winnipeg,covN2,solid
2022-03-17,34.20917,Winnipeg South End,Winnipeg,covN2,solid
2022-03-19,34.678245,Winnipeg South End,Winnipeg,covN2,solid
2022-03-20,35.05788,Winnipeg South End,Winnipeg,covN2,solid
2022-03-21,40.092372,Winnipeg South End,Winnipeg,covN2,solid
2022-03-23,63.387702,Winnipeg South End,Winnipeg,covN2,solid
2022-03-24,62.564098,Winnipeg South End,Winnipeg,covN2,solid
2022-03-26,63.443078,Winnipeg South End,Winnipeg,covN2,solid
2022-03-27,69.622934,Winnipeg South End,Winnipeg,covN2,solid
2022-03-28,79.919811,Winnipeg South End,Winnipeg,covN2,solid
2022-03-30,61.758633,Winnipeg South End,Winnipeg,covN2,solid
2022-03-31,85.647556,Winnipeg South End,Winnipeg,covN2,solid
2022-04-02,83.408613,Winnipeg South End,Winnipeg,covN2,solid
2022-04-03,82.921662,Winnipeg South End,Winnipeg,covN2,solid
2022-04-04,65.17471,Winnipeg South End,Winnipeg,covN2,solid
2022-04-06,60.960242,Winnipeg South End,Winnipeg,covN2,solid
2022-04-07,44.875206,Winnipeg South End,Winnipeg,covN2,solid
2022-04-09,50.995772,Winnipeg South End,Winnipeg,covN2,solid
2022-04-10,54.708251,Winnipeg South End,Winnipeg,covN2,solid
2022-04-11,60.844699,Winnipeg South End,Winnipeg,covN2,solid
2022-04-13,61.449177,Winnipeg South End,Winnipeg,covN2,solid
2022-04-14,54.11027,Winnipeg South End,Winnipeg,covN2,solid
2022-04-16,65.876148,Winnipeg South End,Winnipeg,covN2,solid
2022-04-17,62.765466,Winnipeg South End,Winnipeg,covN2,solid
2022-04-18,58.576347,Winnipeg South End,Winnipeg,covN2,solid
2022-04-20,64.433369,Winnipeg South End,Winnipeg,covN2,solid
2022-04-21,70.876563,Winnipeg South End,Winnipeg,covN2,solid
2022-04-23,70.886191,Winnipeg South End,Winnipeg,covN2,solid
2022-04-24,66.790146,Winnipeg South End,Winnipeg,covN2,solid
2022-04-25,63.287283,Winnipeg South End,Winnipeg,covN2,solid
2022-04-27,66.970739,Winnipeg South End,Winnipeg,covN2,solid
2022-04-28,59.766754,Winnipeg South End,Winnipeg,covN2,solid
2022-04-30,45.511003,Winnipeg South End,Winnipeg,covN2,solid
2022-05-01,40.430772,Winnipeg South End,Winnipeg,covN2,solid
2022-05-02,40.314461,Winnipeg South End,Winnipeg,covN2,solid
2022-05-04,28.270983,Winnipeg South End,Winnipeg,covN2,solid
2022-05-05,34.405801,Winnipeg South End,Winnipeg,covN2,solid
2022-05-07,48.591144,Winnipeg South End,Winnipeg,covN2,solid
2022-05-08,58.937506,Winnipeg South End,Winnipeg,covN2,solid
2022-05-09,74.116065,Winnipeg South End,Winnipeg,covN2,solid
2022-05-11,91.199547,Winnipeg South End,Winnipeg,covN2,solid
2022-05-12,98.380659,Winnipeg South End,Winnipeg,covN2,solid
2022-05-14,84.122835,Winnipeg South End,Winnipeg,covN2,solid
2022-05-15,83.680065,Winnipeg South End,Winnipeg,covN2,solid
2022-05-16,70.054263,Winnipeg South End,Winnipeg,covN2,solid
2022-05-18,52.992043,Winnipeg South End,Winnipeg,covN2,solid
2022-05-19,42.276783,Winnipeg South End,Winnipeg,covN2,solid
2022-05-21,34.671423,Winnipeg South End,Winnipeg,covN2,solid
2022-05-22,27.278599,Winnipeg South End,Winnipeg,covN2,solid
2022-05-23,41.265878,Winnipeg South End,Winnipeg,covN2,solid
2022-05-25,47.841207,Winnipeg South End,Winnipeg,covN2,solid
2022-05-26,43.378882,Winnipeg South End,Winnipeg,covN2,solid
2022-05-28,61.492479,Winnipeg South End,Winnipeg,covN2,solid
2022-05-29,83.48115,Winnipeg South End,Winnipeg,covN2,solid
2022-05-30,72.110715,Winnipeg South End,Winnipeg,covN2,solid
2022-06-01,66.228676,Winnipeg South End,Winnipeg,covN2,solid
2022-06-02,64.62273,Winnipeg South End,Winnipeg,covN2,solid
2022-06-04,54.246595,Winnipeg South End,Winnipeg,covN2,solid
2022-06-05,34.218773,Winnipeg South End,Winnipeg,covN2,solid
2022-06-06,44.880493,Winnipeg South End,Winnipeg,covN2,solid
2022-06-08,46.880349,Winnipeg South End,Winnipeg,covN2,solid
2022-06-09,50.244803,Winnipeg South End,Winnipeg,covN2,solid
2022-06-11,56.134149,Winnipeg South End,Winnipeg,covN2,solid
2022-06-12,68.177174,Winnipeg South End,Winnipeg,covN2,solid
2022-06-13,66.697863,Winnipeg South End,Winnipeg,covN2,solid
2022-06-15,59.594417,Winnipeg South End,Winnipeg,covN2,solid
2022-06-16,57.519436,Winnipeg South End,Winnipeg,covN2,solid
2022-06-18,47.819686,Winnipeg South End,Winnipeg,covN2,solid
2022-06-19,31.06757,Winnipeg South End,Winnipeg,covN2,solid
2022-06-20,16.061145,Winnipeg South End,Winnipeg,covN2,solid
2022-06-22,15.675676,Winnipeg South End,Winnipeg,covN2,solid
2022-06-23,14.7432,Winnipeg South End,Winnipeg,covN2,solid
2022-06-25,12.439726,Winnipeg South End,Winnipeg,covN2,solid
2022-06-26,13.680703,Winnipeg South End,Winnipeg,covN2,solid
2022-06-27,15.767356,Winnipeg South End,Winnipeg,covN2,solid
2022-06-29,17.222544,Winnipeg South End,Winnipeg,covN2,solid
2022-06-30,19.372299,Winnipeg South End,Winnipeg,covN2,solid
2022-07-02,20.39837,Winnipeg South End,Winnipeg,covN2,solid
2022-07-03,21.939218,Winnipeg South End,Winnipeg,covN2,solid
2022-07-04,24.100552,Winnipeg South End,Winnipeg,covN2,solid
2022-07-06,26.476322,Winnipeg South End,Winnipeg,covN2,solid
2022-07-07,34.495647,Winnipeg South End,Winnipeg,covN2,solid
2022-07-09,36.771541,Winnipeg South End,Winnipeg,covN2,solid
2022-07-10,39.520193,Winnipeg South End,Winnipeg,covN2,solid
2022-07-11,41.458575,Winnipeg South End,Winnipeg,covN2,solid
2022-07-13,44.455649,Winnipeg South End,Winnipeg,covN2,solid
2022-07-14,43.893649,Winnipeg South End,Winnipeg,covN2,solid
2022-07-16,54.247307,Winnipeg South End,Winnipeg,covN2,solid
2022-07-17,60.191352,Winnipeg South End,Winnipeg,covN2,solid
2022-07-18,88.895816,Winnipeg South End,Winnipeg,covN2,solid
2022-07-20,92.335276,Winnipeg South End,Winnipeg,covN2,solid
2022-07-21,94.976538,Winnipeg South End,Winnipeg,covN2,solid
2022-07-23,100.824028,Winnipeg South End,Winnipeg,covN2,solid
2022-07-24,105.505811,Winnipeg South End,Winnipeg,covN2,solid
2022-07-25,95.648891,Winnipeg South End,Winnipeg,covN2,solid
2022-07-27,93.511854,Winnipeg South End,Winnipeg,covN2,solid
2022-07-28,86.713979,Winnipeg South End,Winnipeg,covN2,solid
2022-07-30,68.913199,Winnipeg South End,Winnipeg,covN2,solid
2022-07-31,61.104129,Winnipeg South End,Winnipeg,covN2,solid
2022-08-01,60.357114,Winnipeg South End,Winnipeg,covN2,solid
2022-08-03,67.594721,Winnipeg South End,Winnipeg,covN2,solid
2022-08-04,63.549632,Winnipeg South End,Winnipeg,covN2,solid
2022-08-06,62.626252,Winnipeg South End,Winnipeg,covN2,solid
2022-08-07,58.056738,Winnipeg South End,Winnipeg,covN2,solid
2022-08-08,34.379516,Winnipeg South End,Winnipeg,covN2,solid
2022-08-10,26.936132,Winnipeg South End,Winnipeg,covN2,solid
2022-08-11,28.349241,Winnipeg South End,Winnipeg,covN2,solid
2022-08-13,28.624767,Winnipeg South End,Winnipeg,covN2,solid
2022-08-14,31.414246,Winnipeg South End,Winnipeg,covN2,solid
2022-08-15,50.518178,Winnipeg South End,Winnipeg,covN2,solid
2022-08-17,44.145215,Winnipeg South End,Winnipeg,covN2,solid
2022-08-18,42.312718,Winnipeg South End,Winnipeg,covN2,solid
2022-08-20,41.1036,Winnipeg South End,Winnipeg,covN2,solid
2022-08-21,38.209222,Winnipeg South End,Winnipeg,covN2,solid
2022-08-22,21.334507,Winnipeg South End,Winnipeg,covN2,solid
2022-08-24,26.983551,Winnipeg South End,Winnipeg,covN2,solid
2022-08-25,27.889072,Winnipeg South End,Winnipeg,covN2,solid
2022-08-27,36.18774,Winnipeg South End,Winnipeg,covN2,solid
2022-08-28,59.648889,Winnipeg South End,Winnipeg,covN2,solid
2022-08-29,63.669975,Winnipeg South End,Winnipeg,covN2,solid
2022-08-31,68.753202,Winnipeg South End,Winnipeg,covN2,solid
2022-09-01,78.257448,Winnipeg South End,Winnipeg,covN2,solid
2022-09-03,79.413575,Winnipeg South End,Winnipeg,covN2,solid
2022-09-04,73.124677,Winnipeg South End,Winnipeg,covN2,solid
2022-09-05,85.302514,Winnipeg South End,Winnipeg,covN2,solid
2022-09-07,78.97968,Winnipeg South End,Winnipeg,covN2,solid
2022-09-08,78.418789,Winnipeg South End,Winnipeg,covN2,solid
2022-09-10,77.048702,Winnipeg South End,Winnipeg,covN2,solid
2022-09-11,71.86999,Winnipeg South End,Winnipeg,covN2,solid
2022-09-12,85.820707,Winnipeg South End,Winnipeg,covN2,solid
2022-09-14,90.827961,Winnipeg South End,Winnipeg,covN2,solid
2022-09-15,83.466793,Winnipeg South End,Winnipeg,covN2,solid
2022-09-17,76.241465,Winnipeg South End,Winnipeg,covN2,solid
2022-09-18,66.182631,Winnipeg South End,Winnipeg,covN2,solid
2022-09-19,33.725942,Winnipeg South End,Winnipeg,covN2,solid
2022-09-21,28.344509,Winnipeg South End,Winnipeg,covN2,solid
2022-09-22,36.066258,Winnipeg South End,Winnipeg,covN2,solid
2022-09-24,37.340571,Winnipeg South End,Winnipeg,covN2,solid
2022-09-25,41.697413,Winnipeg South End,Winnipeg,covN2,solid
2022-09-26,48.539945,Winnipeg South End,Winnipeg,covN2,solid
2022-09-28,57.834316,Winnipeg South End,Winnipeg,covN2,solid
2022-09-29,55.066414,Winnipeg South End,Winnipeg,covN2,solid
2022-10-01,77.759283,Winnipeg South End,Winnipeg,covN2,solid
2022-10-02,73.244261,Winnipeg South End,Winnipeg,covN2,solid
2022-10-03,69.840116,Winnipeg South End,Winnipeg,covN2,solid
2022-10-05,70.837798,Winnipeg South End,Winnipeg,covN2,solid
2022-10-06,69.416357,Winnipeg South End,Winnipeg,covN2,solid
2022-10-08,61.641206,Winnipeg South End,Winnipeg,covN2,solid
2022-10-09,63.808579,Winnipeg South End,Winnipeg,covN2,solid
2022-10-10,84.196175,Winnipeg South End,Winnipeg,covN2,solid
2022-10-12,88.310653,Winnipeg South End,Winnipeg,covN2,solid
2022-10-13,132.442229,Winnipeg South End,Winnipeg,covN2,solid
2022-10-15,202.75021,Winnipeg South End,Winnipeg,covN2,solid
2022-10-16,214.456729,Winnipeg South End,Winnipeg,covN2,solid
2022-10-17,210.083997,Winnipeg South End,Winnipeg,covN2,solid
2022-10-19,241.430609,Winnipeg South End,Winnipeg,covN2,solid
2022-10-20,261.234883,Winnipeg South End,Winnipeg,covN2,solid
2022-10-22,196.95547,Winnipeg South End,Winnipeg,covN2,solid
2022-10-23,201.373292,Winnipeg South End,Winnipeg,covN2,solid
2022-10-24,217.630683,Winnipeg South End,Winnipeg,covN2,solid
2022-10-26,185.462158,Winnipeg South End,Winnipeg,covN2,solid
2022-10-27,140.551604,Winnipeg South End,Winnipeg,covN2,solid
2022-10-29,137.218983,Winnipeg South End,Winnipeg,covN2,solid
2022-10-30,125.671704,Winnipeg South End,Winnipeg,covN2,solid
2022-10-31,105.480789,Winnipeg South End,Winnipeg,covN2,solid
2022-11-02,102.215393,Winnipeg South End,Winnipeg,covN2,solid
2022-11-03,94.288186,Winnipeg South End,Winnipeg,covN2,solid
2022-11-05,116.235466,Winnipeg South End,Winnipeg,covN2,solid
2022-11-06,120.944812,Winnipeg South End,Winnipeg,covN2,solid
2022-11-07,120.119515,Winnipeg South End,Winnipeg,covN2,solid
2022-11-09,126.896886,Winnipeg South End,Winnipeg,covN2,solid
2022-11-10,172.657789,Winnipeg South End,Winnipeg,covN2,solid
2022-11-12,151.425726,Winnipeg South End,Winnipeg,covN2,solid
2022-11-13,185.531496,Winnipeg South End,Winnipeg,covN2,solid
2022-11-14,255.236342,Winnipeg South End,Winnipeg,covN2,solid
2022-11-16,242.453311,Winnipeg South End,Winnipeg,covN2,solid
2022-11-17,194.153541,Winnipeg South End,Winnipeg,covN2,solid
2022-11-19,181.600084,Winnipeg South End,Winnipeg,covN2,solid
2022-11-20,146.143889,Winnipeg South End,Winnipeg,covN2,solid
2022-11-21,74.449483,Winnipeg South End,Winnipeg,covN2,solid
2022-11-23,80.083022,Winnipeg South End,Winnipeg,covN2,solid
2022-11-24,87.033665,Winnipeg South End,Winnipeg,covN2,solid
2022-11-26,87.678398,Winnipeg South End,Winnipeg,covN2,solid
2022-11-27,81.091189,Winnipeg South End,Winnipeg,covN2,solid
2022-11-28,87.250257,Winnipeg South End,Winnipeg,covN2,solid
2022-11-30,89.392879,Winnipeg South End,Winnipeg,covN2,solid
2022-12-01,76.439867,Winnipeg South End,Winnipeg,covN2,solid
2022-12-03,71.746283,Winnipeg South End,Winnipeg,covN2,solid
2022-12-04,82.828404,Winnipeg South End,Winnipeg,covN2,solid
2022-12-05,67.150372,Winnipeg South End,Winnipeg,covN2,solid
2022-12-07,55.183344,Winnipeg South End,Winnipeg,covN2,solid
2022-12-08,51.6241,Winnipeg South End,Winnipeg,covN2,solid
2022-12-10,51.047912,Winnipeg South End,Winnipeg,covN2,solid
2022-12-11,37.068747,Winnipeg South End,Winnipeg,covN2,solid
2022-12-12,39.381004,Winnipeg South End,Winnipeg,covN2,solid
2022-12-14,42.785873,Winnipeg South End,Winnipeg,covN2,solid
2022-12-15,41.522891,Winnipeg South End,Winnipeg,covN2,solid
2022-12-17,43.187007,Winnipeg South End,Winnipeg,covN2,solid
2022-12-18,57.874634,Winnipeg South End,Winnipeg,covN2,solid
2022-12-19,60.407723,Winnipeg South End,Winnipeg,covN2,solid
2022-12-21,56.163097,Winnipeg South End,Winnipeg,covN2,solid
2022-12-22,55.15785,Winnipeg South End,Winnipeg,covN2,solid
2022-12-24,62.835575,Winnipeg South End,Winnipeg,covN2,solid
2022-12-25,45.961836,Winnipeg South End,Winnipeg,covN2,solid
2022-12-26,39.497672,Winnipeg South End,Winnipeg,covN2,solid
2022-12-28,43.30802,Winnipeg South End,Winnipeg,covN2,solid
2022-12-29,47.437308,Winnipeg South End,Winnipeg,covN2,solid
2022-12-31,36.373395,Winnipeg South End,Winnipeg,covN2,solid
2023-01-01,44.685372,Winnipeg South End,Winnipeg,covN2,solid
2023-01-02,50.612287,Winnipeg South End,Winnipeg,covN2,solid
2023-01-04,84.853572,Winnipeg South End,Winnipeg,covN2,solid
2023-01-05,86.286919,Winnipeg South End,Winnipeg,covN2,solid
2023-01-07,88.676708,Winnipeg South End,Winnipeg,covN2,solid
2023-01-08,79.788593,Winnipeg South End,Winnipeg,covN2,solid
2023-01-09,75.933394,Winnipeg South End,Winnipeg,covN2,solid
2023-01-11,39.626168,Winnipeg South End,Winnipeg,covN2,solid
2023-01-12,33.149596,Winnipeg South End,Winnipeg,covN2,solid
2023-01-14,32.412344,Winnipeg South End,Winnipeg,covN2,solid
2023-01-15,35.705033,Winnipeg South End,Winnipeg,covN2,solid
2023-01-16,35.609843,Winnipeg South End,Winnipeg,covN2,solid
2023-01-18,31.627418,Winnipeg South End,Winnipeg,covN2,solid
2023-01-19,42.562372,Winnipeg South End,Winnipeg,covN2,solid
2023-01-21,41.619826,Winnipeg South End,Winnipeg,covN2,solid
2023-01-22,38.564864,Winnipeg South End,Winnipeg,covN2,solid
2023-01-23,37.968326,Winnipeg South End,Winnipeg,covN2,solid
2023-01-25,36.613344,Winnipeg South End,Winnipeg,covN2,solid
2023-01-26,31.920688,Winnipeg South End,Winnipeg,covN2,solid
2023-01-28,35.163498,Winnipeg South End,Winnipeg,covN2,solid
2023-01-29,52.757291,Winnipeg South End,Winnipeg,covN2,solid
2023-01-30,60.118148,Winnipeg South End,Winnipeg,covN2,solid
2023-02-01,66.130038,Winnipeg South End,Winnipeg,covN2,solid
2023-02-02,70.801227,Winnipeg South End,Winnipeg,covN2,solid
2023-02-03,66.9399525,Winnipeg South End,Winnipeg,covN2,solid
2023-02-05,59.430867,Winnipeg South End,Winnipeg,covN2,solid
2023-02-06,117.408816,Winnipeg South End,Winnipeg,covN2,solid
2023-02-08,123.161315,Winnipeg South End,Winnipeg,covN2,solid
2023-02-09,118.386318,Winnipeg South End,Winnipeg,covN2,solid
2023-02-11,118.518668,Winnipeg South End,Winnipeg,covN2,solid
2023-02-12,116.906905,Winnipeg South End,Winnipeg,covN2,solid
2023-02-13,58.081611,Winnipeg South End,Winnipeg,covN2,solid
2023-02-15,83.04734,Winnipeg South End,Winnipeg,covN2,solid
2023-02-16,79.92209,Winnipeg South End,Winnipeg,covN2,solid
2023-02-18,87.731943,Winnipeg South End,Winnipeg,covN2,solid
2023-02-19,89.953501,Winnipeg South End,Winnipeg,covN2,solid
2023-02-20,97.281443,Winnipeg South End,Winnipeg,covN2,solid
2023-02-22,77.657536,Winnipeg South End,Winnipeg,covN2,solid
2023-02-23,82.718965,Winnipeg South End,Winnipeg,covN2,solid
2023-02-25,86.662557,Winnipeg South End,Winnipeg,covN2,solid
2023-02-26,86.003405,Winnipeg South End,Winnipeg,covN2,solid
2023-02-27,76.314703,Winnipeg South End,Winnipeg,covN2,solid
2023-03-01,96.135564,Winnipeg South End,Winnipeg,covN2,solid
2023-03-02,114.727367,Winnipeg South End,Winnipeg,covN2,solid
2023-03-04,112.84636,Winnipeg South End,Winnipeg,covN2,solid
2023-03-05,132.687518,Winnipeg South End,Winnipeg,covN2,solid
2023-03-06,167.162486,Winnipeg South End,Winnipeg,covN2,solid
2023-03-08,142.242579,Winnipeg South End,Winnipeg,covN2,solid
2023-03-09,123.552278,Winnipeg South End,Winnipeg,covN2,solid
2023-03-11,113.968822,Winnipeg South End,Winnipeg,covN2,solid
2023-03-12,98.197225,Winnipeg South End,Winnipeg,covN2,solid
2023-03-13,68.738863,Winnipeg South End,Winnipeg,covN2,solid
2021-04-14,3.68378,Winnipeg West End,Winnipeg,covN2,solid
2021-04-21,5.3137275,Winnipeg West End,Winnipeg,covN2,solid
2021-04-28,13.71558,Winnipeg West End,Winnipeg,covN2,solid
2021-05-05,17.1630575,Winnipeg West End,Winnipeg,covN2,solid
2021-05-11,35.09337875,Winnipeg West End,Winnipeg,covN2,solid
2021-05-12,83.0918575,Winnipeg West End,Winnipeg,covN2,solid
2021-05-15,70.095395,Winnipeg West End,Winnipeg,covN2,solid
2021-05-16,83.044675,Winnipeg West End,Winnipeg,covN2,solid
2021-05-17,76.578885,Winnipeg West End,Winnipeg,covN2,solid
2021-05-18,85.343193,Winnipeg West End,Winnipeg,covN2,solid
2021-05-19,72.922274,Winnipeg West End,Winnipeg,covN2,solid
2021-05-21,66.8251158333333,Winnipeg West End,Winnipeg,covN2,solid
2021-05-22,62.7534675,Winnipeg West End,Winnipeg,covN2,solid
2021-05-25,34.46825875,Winnipeg West End,Winnipeg,covN2,solid
2021-05-26,30.09604,Winnipeg West End,Winnipeg,covN2,solid
2021-05-28,27.15839875,Winnipeg West End,Winnipeg,covN2,solid
2021-05-29,32.512505,Winnipeg West End,Winnipeg,covN2,solid
2021-05-30,33.410426,Winnipeg West End,Winnipeg,covN2,solid
2021-06-01,31.240599,Winnipeg West End,Winnipeg,covN2,solid
2021-06-02,27.581579,Winnipeg West End,Winnipeg,covN2,solid
2021-06-05,26.78788375,Winnipeg West End,Winnipeg,covN2,solid
2021-06-06,20.89388375,Winnipeg West End,Winnipeg,covN2,solid
2021-06-07,32.402649,Winnipeg West End,Winnipeg,covN2,solid
2021-06-08,32.759869,Winnipeg West End,Winnipeg,covN2,solid
2021-06-09,36.192133,Winnipeg West End,Winnipeg,covN2,solid
2021-06-12,31.226119,Winnipeg West End,Winnipeg,covN2,solid
2021-06-13,33.413884,Winnipeg West End,Winnipeg,covN2,solid
2021-06-14,19.800335,Winnipeg West End,Winnipeg,covN2,solid
2021-06-15,16.893927,Winnipeg West End,Winnipeg,covN2,solid
2021-06-16,11.587504,Winnipeg West End,Winnipeg,covN2,solid
2021-06-19,12.321675,Winnipeg West End,Winnipeg,covN2,solid
2021-06-20,8.87594,Winnipeg West End,Winnipeg,covN2,solid
2021-06-21,9.13063,Winnipeg West End,Winnipeg,covN2,solid
2021-06-22,8.931112,Winnipeg West End,Winnipeg,covN2,solid
2021-06-23,8.942857,Winnipeg West End,Winnipeg,covN2,solid
2021-06-26,8.031258,Winnipeg West End,Winnipeg,covN2,solid
2021-06-27,9.440064,Winnipeg West End,Winnipeg,covN2,solid
2021-06-28,8.170879,Winnipeg West End,Winnipeg,covN2,solid
2021-06-30,9.7596275,Winnipeg West End,Winnipeg,covN2,solid
2021-07-01,11.724817,Winnipeg West End,Winnipeg,covN2,solid
2021-07-03,11.3747,Winnipeg West End,Winnipeg,covN2,solid
2021-07-04,10.986599,Winnipeg West End,Winnipeg,covN2,solid
2021-07-05,10.527101,Winnipeg West End,Winnipeg,covN2,solid
2021-07-07,28.813544,Winnipeg West End,Winnipeg,covN2,solid
2021-07-08,27.866254,Winnipeg West End,Winnipeg,covN2,solid
2021-07-10,28.189209,Winnipeg West End,Winnipeg,covN2,solid
2021-07-11,27.302689,Winnipeg West End,Winnipeg,covN2,solid
2021-07-12,27.624987,Winnipeg West End,Winnipeg,covN2,solid
2021-07-14,7.867237,Winnipeg West End,Winnipeg,covN2,solid
2021-07-15,6.107523,Winnipeg West End,Winnipeg,covN2,solid
2021-07-17,9.074465,Winnipeg West End,Winnipeg,covN2,solid
2021-07-18,10.384209,Winnipeg West End,Winnipeg,covN2,solid
2021-07-19,12.017986,Winnipeg West End,Winnipeg,covN2,solid
2021-07-21,12.144146,Winnipeg West End,Winnipeg,covN2,solid
2021-07-22,11.534035,Winnipeg West End,Winnipeg,covN2,solid
2021-07-24,14.097567,Winnipeg West End,Winnipeg,covN2,solid
2021-07-25,11.991152,Winnipeg West End,Winnipeg,covN2,solid
2021-07-26,10.994803,Winnipeg West End,Winnipeg,covN2,solid
2021-07-28,10.868643,Winnipeg West End,Winnipeg,covN2,solid
2021-07-29,10.868643,Winnipeg West End,Winnipeg,covN2,solid
2021-07-31,5.740589,Winnipeg West End,Winnipeg,covN2,solid
2021-08-01,5.715365,Winnipeg West End,Winnipeg,covN2,solid
2021-08-02,6.04835,Winnipeg West End,Winnipeg,covN2,solid
2021-08-03,5.91054083333333,Winnipeg West End,Winnipeg,covN2,solid
2021-08-04,6.35186416666667,Winnipeg West End,Winnipeg,covN2,solid
2021-08-07,6.247172,Winnipeg West End,Winnipeg,covN2,solid
2021-08-08,5.70763,Winnipeg West End,Winnipeg,covN2,solid
2021-08-09,4.414919,Winnipeg West End,Winnipeg,covN2,solid
2021-08-11,9.51878,Winnipeg West End,Winnipeg,covN2,solid
2021-08-12,8.665015,Winnipeg West End,Winnipeg,covN2,solid
2021-08-14,8.426556,Winnipeg West End,Winnipeg,covN2,solid
2021-08-15,8.826556,Winnipeg West End,Winnipeg,covN2,solid
2021-08-16,8.826556,Winnipeg West End,Winnipeg,covN2,solid
2021-08-18,4.281947,Winnipeg West End,Winnipeg,covN2,solid
2021-08-19,4.468166,Winnipeg West End,Winnipeg,covN2,solid
2021-08-21,3.865593,Winnipeg West End,Winnipeg,covN2,solid
2021-08-23,4.08199125,Winnipeg West End,Winnipeg,covN2,solid
2021-08-25,3.7952625,Winnipeg West End,Winnipeg,covN2,solid
2021-08-26,9.27108,Winnipeg West End,Winnipeg,covN2,solid
2021-08-28,9.96446,Winnipeg West End,Winnipeg,covN2,solid
2021-08-29,8.81723,Winnipeg West End,Winnipeg,covN2,solid
2021-08-30,9.501402,Winnipeg West End,Winnipeg,covN2,solid
2021-09-01,11.182246,Winnipeg West End,Winnipeg,covN2,solid
2021-09-02,11.525479,Winnipeg West End,Winnipeg,covN2,solid
2021-09-04,13.605821,Winnipeg West End,Winnipeg,covN2,solid
2021-09-05,14.263155,Winnipeg West End,Winnipeg,covN2,solid
2021-09-06,14.253745,Winnipeg West End,Winnipeg,covN2,solid
2021-09-08,13.094581,Winnipeg West End,Winnipeg,covN2,solid
2021-09-09,7.839566,Winnipeg West End,Winnipeg,covN2,solid
2021-09-11,6.045569,Winnipeg West End,Winnipeg,covN2,solid
2021-09-12,5.740421,Winnipeg West End,Winnipeg,covN2,solid
2021-09-13,7.857398,Winnipeg West End,Winnipeg,covN2,solid
2021-09-15,7.335718,Winnipeg West End,Winnipeg,covN2,solid
2021-09-16,7.230636,Winnipeg West End,Winnipeg,covN2,solid
2021-09-18,6.389587,Winnipeg West End,Winnipeg,covN2,solid
2021-09-19,6.03207,Winnipeg West End,Winnipeg,covN2,solid
2021-09-20,3.240331,Winnipeg West End,Winnipeg,covN2,solid
2021-09-22,3.450125,Winnipeg West End,Winnipeg,covN2,solid
2021-09-23,3.450125,Winnipeg West End,Winnipeg,covN2,solid
2021-09-25,3.751043,Winnipeg West End,Winnipeg,covN2,solid
2021-09-26,3.617366,Winnipeg West End,Winnipeg,covN2,solid
2021-09-27,5.133797,Winnipeg West End,Winnipeg,covN2,solid
2021-09-29,6.48756,Winnipeg West End,Winnipeg,covN2,solid
2021-09-30,9.998078,Winnipeg West End,Winnipeg,covN2,solid
2021-10-02,11.994582,Winnipeg West End,Winnipeg,covN2,solid
2021-10-03,13.216309,Winnipeg West End,Winnipeg,covN2,solid
2021-10-04,12.869842,Winnipeg West End,Winnipeg,covN2,solid
2021-10-06,12.012999,Winnipeg West End,Winnipeg,covN2,solid
2021-10-07,9.063227,Winnipeg West End,Winnipeg,covN2,solid
2021-10-09,7.247193,Winnipeg West End,Winnipeg,covN2,solid
2021-10-10,6.5047180000000004,Winnipeg West End,Winnipeg,covN2,solid
2021-10-13,5.3603725,Winnipeg West End,Winnipeg,covN2,solid
2021-10-14,12.30531375,Winnipeg West End,Winnipeg,covN2,solid
2021-10-16,14.36282125,Winnipeg West End,Winnipeg,covN2,solid
2021-10-17,16.02637,Winnipeg West End,Winnipeg,covN2,solid
2021-10-18,14.478806,Winnipeg West End,Winnipeg,covN2,solid
2021-10-20,18.378357,Winnipeg West End,Winnipeg,covN2,solid
2021-10-21,12.871584,Winnipeg West End,Winnipeg,covN2,solid
2021-10-23,12.250088,Winnipeg West End,Winnipeg,covN2,solid
2021-10-24,10.754169,Winnipeg West End,Winnipeg,covN2,solid
2021-10-25,9.696459,Winnipeg West End,Winnipeg,covN2,solid
2021-10-27,6.816689,Winnipeg West End,Winnipeg,covN2,solid
2021-10-28,6.424779,Winnipeg West End,Winnipeg,covN2,solid
2021-10-30,5.366927,Winnipeg West End,Winnipeg,covN2,solid
2021-10-31,6.611421,Winnipeg West End,Winnipeg,covN2,solid
2021-11-01,7.543157,Winnipeg West End,Winnipeg,covN2,solid
2021-11-03,11.347217,Winnipeg West End,Winnipeg,covN2,solid
2021-11-04,11.928299,Winnipeg West End,Winnipeg,covN2,solid
2021-11-06,12.591831000000001,Winnipeg West End,Winnipeg,covN2,solid
2021-11-07,12.928753,Winnipeg West End,Winnipeg,covN2,solid
2021-11-08,12.543683,Winnipeg West End,Winnipeg,covN2,solid
2021-11-10,7.459584,Winnipeg West End,Winnipeg,covN2,solid
2021-11-11,6.660486,Winnipeg West End,Winnipeg,covN2,solid
2021-11-13,6.61708,Winnipeg West End,Winnipeg,covN2,solid
2021-11-14,6.199398,Winnipeg West End,Winnipeg,covN2,solid
2021-11-15,6.574212,Winnipeg West End,Winnipeg,covN2,solid
2021-11-17,8.806012,Winnipeg West End,Winnipeg,covN2,solid
2021-11-18,10.799673,Winnipeg West End,Winnipeg,covN2,solid
2021-11-20,10.243847,Winnipeg West End,Winnipeg,covN2,solid
2021-11-21,8.966301,Winnipeg West End,Winnipeg,covN2,solid
2021-11-22,8.044821,Winnipeg West End,Winnipeg,covN2,solid
2021-11-24,6.367277,Winnipeg West End,Winnipeg,covN2,solid
2021-11-25,4.373616,Winnipeg West End,Winnipeg,covN2,solid
2021-11-27,3.996382,Winnipeg West End,Winnipeg,covN2,solid
2021-11-28,4.626214,Winnipeg West End,Winnipeg,covN2,solid
2021-11-29,4.626214,Winnipeg West End,Winnipeg,covN2,solid
2021-12-01,4.071958,Winnipeg West End,Winnipeg,covN2,solid
2021-12-02,3.671958,Winnipeg West End,Winnipeg,covN2,solid
2021-12-04,8.888214,Winnipeg West End,Winnipeg,covN2,solid
2021-12-05,14.806467,Winnipeg West End,Winnipeg,covN2,solid
2021-12-06,17.282153,Winnipeg West End,Winnipeg,covN2,solid
2021-12-08,18.928038,Winnipeg West End,Winnipeg,covN2,solid
2021-12-09,19.782972,Winnipeg West End,Winnipeg,covN2,solid
2021-12-11,18.131715,Winnipeg West End,Winnipeg,covN2,solid
2021-12-12,18.235774,Winnipeg West End,Winnipeg,covN2,solid
2021-12-13,18.182721,Winnipeg West End,Winnipeg,covN2,solid
2021-12-15,18.78135,Winnipeg West End,Winnipeg,covN2,solid
2021-12-16,20.989401,Winnipeg West End,Winnipeg,covN2,solid
2021-12-18,22.47314,Winnipeg West End,Winnipeg,covN2,solid
2021-12-19,23.032617,Winnipeg West End,Winnipeg,covN2,solid
2021-12-20,28.226702,Winnipeg West End,Winnipeg,covN2,solid
2021-12-22,35.384906,Winnipeg West End,Winnipeg,covN2,solid
2021-12-23,46.141086,Winnipeg West End,Winnipeg,covN2,solid
2021-12-25,94.56253,Winnipeg West End,Winnipeg,covN2,solid
2021-12-26,164.514466,Winnipeg West End,Winnipeg,covN2,solid
2021-12-27,189.099745,Winnipeg West End,Winnipeg,covN2,solid
2021-12-29,215.69527,Winnipeg West End,Winnipeg,covN2,solid
2021-12-30,321.170186,Winnipeg West End,Winnipeg,covN2,solid
2022-01-01,328.188966,Winnipeg West End,Winnipeg,covN2,solid
2022-01-02,275.032284,Winnipeg West End,Winnipeg,covN2,solid
2022-01-03,259.816527,Winnipeg West End,Winnipeg,covN2,solid
2022-01-05,279.957494,Winnipeg West End,Winnipeg,covN2,solid
2022-01-06,193.349591,Winnipeg West End,Winnipeg,covN2,solid
2022-01-08,166.229974,Winnipeg West End,Winnipeg,covN2,solid
2022-01-09,187.35919,Winnipeg West End,Winnipeg,covN2,solid
2022-01-10,192.084103,Winnipeg West End,Winnipeg,covN2,solid
2022-01-12,159.431282,Winnipeg West End,Winnipeg,covN2,solid
2022-01-13,174.471764,Winnipeg West End,Winnipeg,covN2,solid
2022-01-15,156.852356,Winnipeg West End,Winnipeg,covN2,solid
2022-01-16,132.142883,Winnipeg West End,Winnipeg,covN2,solid
2022-01-17,125.861606,Winnipeg West End,Winnipeg,covN2,solid
2022-01-19,128.067304,Winnipeg West End,Winnipeg,covN2,solid
2022-01-20,103.179268,Winnipeg West End,Winnipeg,covN2,solid
2022-01-22,100.23356,Winnipeg West End,Winnipeg,covN2,solid
2022-01-23,100.692111,Winnipeg West End,Winnipeg,covN2,solid
2022-01-26,127.23843625,Winnipeg West End,Winnipeg,covN2,solid
2022-01-27,115.99621125,Winnipeg West End,Winnipeg,covN2,solid
2022-01-29,118.53285125,Winnipeg West End,Winnipeg,covN2,solid
2022-01-30,103.71461875,Winnipeg West End,Winnipeg,covN2,solid
2022-01-31,92.637801,Winnipeg West End,Winnipeg,covN2,solid
2022-02-02,52.597745,Winnipeg West End,Winnipeg,covN2,solid
2022-02-03,43.394201,Winnipeg West End,Winnipeg,covN2,solid
2022-02-05,31.854374,Winnipeg West End,Winnipeg,covN2,solid
2022-02-06,25.80833,Winnipeg West End,Winnipeg,covN2,solid
2022-02-07,20.155754,Winnipeg West End,Winnipeg,covN2,solid
2022-02-09,21.007788,Winnipeg West End,Winnipeg,covN2,solid
2022-02-10,19.641263,Winnipeg West End,Winnipeg,covN2,solid
2022-02-12,18.579452,Winnipeg West End,Winnipeg,covN2,solid
2022-02-13,18.115305,Winnipeg West End,Winnipeg,covN2,solid
2022-02-14,16.845871,Winnipeg West End,Winnipeg,covN2,solid
2022-02-16,17.55783,Winnipeg West End,Winnipeg,covN2,solid
2022-02-17,17.217278,Winnipeg West End,Winnipeg,covN2,solid
2022-02-19,31.694419,Winnipeg West End,Winnipeg,covN2,solid
2022-02-20,34.649723,Winnipeg West End,Winnipeg,covN2,solid
2022-02-21,37.443984,Winnipeg West End,Winnipeg,covN2,solid
2022-02-23,39.823607,Winnipeg West End,Winnipeg,covN2,solid
2022-02-24,64.327012,Winnipeg West End,Winnipeg,covN2,solid
2022-02-26,52.929604,Winnipeg West End,Winnipeg,covN2,solid
2022-02-27,51.314144,Winnipeg West End,Winnipeg,covN2,solid
2022-02-28,51.372533,Winnipeg West End,Winnipeg,covN2,solid
2022-03-02,49.298049,Winnipeg West End,Winnipeg,covN2,solid
2022-03-03,23.159067,Winnipeg West End,Winnipeg,covN2,solid
2022-03-05,20.603389,Winnipeg West End,Winnipeg,covN2,solid
2022-03-06,19.335405,Winnipeg West End,Winnipeg,covN2,solid
2022-03-07,18.099935,Winnipeg West End,Winnipeg,covN2,solid
2022-03-09,18.316269,Winnipeg West End,Winnipeg,covN2,solid
2022-03-10,19.716002,Winnipeg West End,Winnipeg,covN2,solid
2022-03-12,22.574834,Winnipeg West End,Winnipeg,covN2,solid
2022-03-13,23.217567,Winnipeg West End,Winnipeg,covN2,solid
2022-03-14,25.545827,Winnipeg West End,Winnipeg,covN2,solid
2022-03-16,24.419194,Winnipeg West End,Winnipeg,covN2,solid
2022-03-17,23.856482,Winnipeg West End,Winnipeg,covN2,solid
2022-03-19,21.950229,Winnipeg West End,Winnipeg,covN2,solid
2022-03-20,20.300832,Winnipeg West End,Winnipeg,covN2,solid
2022-03-23,20.543055,Winnipeg West End,Winnipeg,covN2,solid
2022-03-24,23.1829675,Winnipeg West End,Winnipeg,covN2,solid
2022-03-26,22.83667625,Winnipeg West End,Winnipeg,covN2,solid
2022-03-27,26.00982875,Winnipeg West End,Winnipeg,covN2,solid
2022-03-28,30.419065,Winnipeg West End,Winnipeg,covN2,solid
2022-03-30,37.281312,Winnipeg West End,Winnipeg,covN2,solid
2022-03-31,43.301922,Winnipeg West End,Winnipeg,covN2,solid
2022-04-02,51.454545,Winnipeg West End,Winnipeg,covN2,solid
2022-04-03,59.844373,Winnipeg West End,Winnipeg,covN2,solid
2022-04-04,64.190224,Winnipeg West End,Winnipeg,covN2,solid
2022-04-06,54.457366,Winnipeg West End,Winnipeg,covN2,solid
2022-04-07,53.790964,Winnipeg West End,Winnipeg,covN2,solid
2022-04-09,49.183514,Winnipeg West End,Winnipeg,covN2,solid
2022-04-10,43.332538,Winnipeg West End,Winnipeg,covN2,solid
2022-04-11,37.292672,Winnipeg West End,Winnipeg,covN2,solid
2022-04-13,37.299867,Winnipeg West End,Winnipeg,covN2,solid
2022-04-14,36.147616,Winnipeg West End,Winnipeg,covN2,solid
2022-04-16,39.286899,Winnipeg West End,Winnipeg,covN2,solid
2022-04-17,41.327389,Winnipeg West End,Winnipeg,covN2,solid
2022-04-18,38.013272,Winnipeg West End,Winnipeg,covN2,solid
2022-04-20,45.447037,Winnipeg West End,Winnipeg,covN2,solid
2022-04-21,84.874235,Winnipeg West End,Winnipeg,covN2,solid
2022-04-23,80.745139,Winnipeg West End,Winnipeg,covN2,solid
2022-04-24,137.813795,Winnipeg West End,Winnipeg,covN2,solid
2022-04-27,175.71797375,Winnipeg West End,Winnipeg,covN2,solid
2022-04-28,130.91566375,Winnipeg West End,Winnipeg,covN2,solid
2022-04-30,132.68691375,Winnipeg West End,Winnipeg,covN2,solid
2022-05-01,51.86981125,Winnipeg West End,Winnipeg,covN2,solid
2022-05-02,45.510808,Winnipeg West End,Winnipeg,covN2,solid
2022-05-04,29.457498,Winnipeg West End,Winnipeg,covN2,solid
2022-05-05,21.015589,Winnipeg West End,Winnipeg,covN2,solid
2022-05-07,21.904461,Winnipeg West End,Winnipeg,covN2,solid
2022-05-08,30.20732,Winnipeg West End,Winnipeg,covN2,solid
2022-05-09,33.721905,Winnipeg West End,Winnipeg,covN2,solid
2022-05-11,33.461427,Winnipeg West End,Winnipeg,covN2,solid
2022-05-12,31.848282,Winnipeg West End,Winnipeg,covN2,solid
2022-05-14,25.63019,Winnipeg West End,Winnipeg,covN2,solid
2022-05-15,19.239325,Winnipeg West End,Winnipeg,covN2,solid
2022-05-16,19.962832,Winnipeg West End,Winnipeg,covN2,solid
2022-05-18,20.319089,Winnipeg West End,Winnipeg,covN2,solid
2022-05-21,20.64663375,Winnipeg West End,Winnipeg,covN2,solid
2022-05-22,17.77833375,Winnipeg West End,Winnipeg,covN2,solid
2022-05-23,9.400765,Winnipeg West End,Winnipeg,covN2,solid
2022-05-25,9.87342125,Winnipeg West End,Winnipeg,covN2,solid
2022-05-26,15.57387,Winnipeg West End,Winnipeg,covN2,solid
2022-05-28,22.821618,Winnipeg West End,Winnipeg,covN2,solid
2022-05-29,34.789975,Winnipeg West End,Winnipeg,covN2,solid
2022-05-30,45.770063,Winnipeg West End,Winnipeg,covN2,solid
2022-06-01,46.715226,Winnipeg West End,Winnipeg,covN2,solid
2022-06-02,44.160245,Winnipeg West End,Winnipeg,covN2,solid
2022-06-04,38.382451,Winnipeg West End,Winnipeg,covN2,solid
2022-06-05,29.488726,Winnipeg West End,Winnipeg,covN2,solid
2022-06-06,21.174101,Winnipeg West End,Winnipeg,covN2,solid
2022-06-08,24.043414,Winnipeg West End,Winnipeg,covN2,solid
2022-06-09,22.210514,Winnipeg West End,Winnipeg,covN2,solid
2022-06-11,33.796912,Winnipeg West End,Winnipeg,covN2,solid
2022-06-12,57.551655,Winnipeg West End,Winnipeg,covN2,solid
2022-06-13,64.717922,Winnipeg West End,Winnipeg,covN2,solid
2022-06-15,58.438793,Winnipeg West End,Winnipeg,covN2,solid
2022-06-16,57.571745,Winnipeg West End,Winnipeg,covN2,solid
2022-06-18,45.204215,Winnipeg West End,Winnipeg,covN2,solid
2022-06-19,18.136143,Winnipeg West End,Winnipeg,covN2,solid
2022-06-20,8.201401,Winnipeg West End,Winnipeg,covN2,solid
2022-06-22,8.965894,Winnipeg West End,Winnipeg,covN2,solid
2022-06-23,9.07176,Winnipeg West End,Winnipeg,covN2,solid
2022-06-25,9.201277,Winnipeg West End,Winnipeg,covN2,solid
2022-06-26,11.915865,Winnipeg West End,Winnipeg,covN2,solid
2022-06-27,14.605641,Winnipeg West End,Winnipeg,covN2,solid
2022-06-29,15.425376,Winnipeg West End,Winnipeg,covN2,solid
2022-06-30,14.655849,Winnipeg West End,Winnipeg,covN2,solid
2022-07-02,26.057942,Winnipeg West End,Winnipeg,covN2,solid
2022-07-03,30.305526,Winnipeg West End,Winnipeg,covN2,solid
2022-07-04,31.853744,Winnipeg West End,Winnipeg,covN2,solid
2022-07-06,35.862214,Winnipeg West End,Winnipeg,covN2,solid
2022-07-07,40.097687,Winnipeg West End,Winnipeg,covN2,solid
2022-07-09,32.806365,Winnipeg West End,Winnipeg,covN2,solid
2022-07-10,33.800176,Winnipeg West End,Winnipeg,covN2,solid
2022-07-11,33.496604,Winnipeg West End,Winnipeg,covN2,solid
2022-07-13,30.281892,Winnipeg West End,Winnipeg,covN2,solid
2022-07-14,28.15351,Winnipeg West End,Winnipeg,covN2,solid
2022-07-16,34.562241,Winnipeg West End,Winnipeg,covN2,solid
2022-07-17,36.557081,Winnipeg West End,Winnipeg,covN2,solid
2022-07-18,38.056404,Winnipeg West End,Winnipeg,covN2,solid
2022-07-21,46.76036375,Winnipeg West End,Winnipeg,covN2,solid
2022-07-23,45.70252375,Winnipeg West End,Winnipeg,covN2,solid
2022-07-24,66.2599675,Winnipeg West End,Winnipeg,covN2,solid
2022-07-25,73.116825,Winnipeg West End,Winnipeg,covN2,solid
2022-07-27,66.295541,Winnipeg West End,Winnipeg,covN2,solid
2022-07-28,66.854533,Winnipeg West End,Winnipeg,covN2,solid
2022-07-30,62.807643,Winnipeg West End,Winnipeg,covN2,solid
2022-07-31,41.929892,Winnipeg West End,Winnipeg,covN2,solid
2022-08-01,81.579104,Winnipeg West End,Winnipeg,covN2,solid
2022-08-03,75.811746,Winnipeg West End,Winnipeg,covN2,solid
2022-08-04,76.851071,Winnipeg West End,Winnipeg,covN2,solid
2022-08-06,71.68167,Winnipeg West End,Winnipeg,covN2,solid
2022-08-07,68.39538,Winnipeg West End,Winnipeg,covN2,solid
2022-08-08,27.933701,Winnipeg West End,Winnipeg,covN2,solid
2022-08-10,29.092398,Winnipeg West End,Winnipeg,covN2,solid
2022-08-11,26.536691,Winnipeg West End,Winnipeg,covN2,solid
2022-08-13,34.655872,Winnipeg West End,Winnipeg,covN2,solid
2022-08-14,42.707104,Winnipeg West End,Winnipeg,covN2,solid
2022-08-15,34.857985,Winnipeg West End,Winnipeg,covN2,solid
2022-08-17,33.23324,Winnipeg West End,Winnipeg,covN2,solid
2022-08-18,31.085814,Winnipeg West End,Winnipeg,covN2,solid
2022-08-20,22.394868,Winnipeg West End,Winnipeg,covN2,solid
2022-08-21,12.772928,Winnipeg West End,Winnipeg,covN2,solid
2022-08-22,12.046562,Winnipeg West End,Winnipeg,covN2,solid
2022-08-24,15.356704,Winnipeg West End,Winnipeg,covN2,solid
2022-08-25,17.766043,Winnipeg West End,Winnipeg,covN2,solid
2022-08-27,30.72763,Winnipeg West End,Winnipeg,covN2,solid
2022-08-28,39.116119,Winnipeg West End,Winnipeg,covN2,solid
2022-08-29,43.293448,Winnipeg West End,Winnipeg,covN2,solid
2022-08-31,44.063782,Winnipeg West End,Winnipeg,covN2,solid
2022-09-01,46.6704,Winnipeg West End,Winnipeg,covN2,solid
2022-09-03,55.989688,Winnipeg West End,Winnipeg,covN2,solid
2022-09-04,79.647886,Winnipeg West End,Winnipeg,covN2,solid
2022-09-05,87.764017,Winnipeg West End,Winnipeg,covN2,solid
2022-09-07,104.629811,Winnipeg West End,Winnipeg,covN2,solid
2022-09-08,107.975238,Winnipeg West End,Winnipeg,covN2,solid
2022-09-10,110.562243,Winnipeg West End,Winnipeg,covN2,solid
2022-09-11,89.639383,Winnipeg West End,Winnipeg,covN2,solid
2022-09-12,83.002816,Winnipeg West End,Winnipeg,covN2,solid
2022-09-14,66.165487,Winnipeg West End,Winnipeg,covN2,solid
2022-09-15,62.827258,Winnipeg West End,Winnipeg,covN2,solid
2022-09-17,41.532032,Winnipeg West End,Winnipeg,covN2,solid
2022-09-18,32.06908,Winnipeg West End,Winnipeg,covN2,solid
2022-09-19,25.955577,Winnipeg West End,Winnipeg,covN2,solid
2022-09-21,25.8322,Winnipeg West End,Winnipeg,covN2,solid
2022-09-22,32.946715,Winnipeg West End,Winnipeg,covN2,solid
2022-09-24,31.680718,Winnipeg West End,Winnipeg,covN2,solid
2022-09-25,42.299892,Winnipeg West End,Winnipeg,covN2,solid
2022-09-26,45.823341,Winnipeg West End,Winnipeg,covN2,solid
2022-09-28,48.439153,Winnipeg West End,Winnipeg,covN2,solid
2022-09-29,43.963485,Winnipeg West End,Winnipeg,covN2,solid
2022-10-01,47.912344,Winnipeg West End,Winnipeg,covN2,solid
2022-10-02,43.617213,Winnipeg West End,Winnipeg,covN2,solid
2022-10-03,43.149195,Winnipeg West End,Winnipeg,covN2,solid
2022-10-05,45.683126,Winnipeg West End,Winnipeg,covN2,solid
2022-10-06,41.485371,Winnipeg West End,Winnipeg,covN2,solid
2022-10-08,45.183175,Winnipeg West End,Winnipeg,covN2,solid
2022-10-09,46.37403,Winnipeg West End,Winnipeg,covN2,solid
2022-10-10,46.570359,Winnipeg West End,Winnipeg,covN2,solid
2022-10-12,46.127863,Winnipeg West End,Winnipeg,covN2,solid
2022-10-13,53.689998,Winnipeg West End,Winnipeg,covN2,solid
2022-10-15,68.550018,Winnipeg West End,Winnipeg,covN2,solid
2022-10-16,70.489799,Winnipeg West End,Winnipeg,covN2,solid
2022-10-17,107.91116,Winnipeg West End,Winnipeg,covN2,solid
2022-10-19,116.568623,Winnipeg West End,Winnipeg,covN2,solid
2022-10-20,139.373725,Winnipeg West End,Winnipeg,covN2,solid
2022-10-22,165.474313,Winnipeg West End,Winnipeg,covN2,solid
2022-10-23,178.857972,Winnipeg West End,Winnipeg,covN2,solid
2022-10-24,146.943304,Winnipeg West End,Winnipeg,covN2,solid
2022-10-26,148.181058,Winnipeg West End,Winnipeg,covN2,solid
2022-10-27,128.220035,Winnipeg West End,Winnipeg,covN2,solid
2022-10-29,102.36032,Winnipeg West End,Winnipeg,covN2,solid
2022-10-30,85.820507,Winnipeg West End,Winnipeg,covN2,solid
2022-10-31,100.397536,Winnipeg West End,Winnipeg,covN2,solid
2022-11-02,98.7231,Winnipeg West End,Winnipeg,covN2,solid
2022-11-03,107.373047,Winnipeg West End,Winnipeg,covN2,solid
2022-11-05,90.515733,Winnipeg West End,Winnipeg,covN2,solid
2022-11-06,100.432421,Winnipeg West End,Winnipeg,covN2,solid
2022-11-07,84.002756,Winnipeg West End,Winnipeg,covN2,solid
2022-11-09,79.368594,Winnipeg West End,Winnipeg,covN2,solid
2022-11-10,62.434763,Winnipeg West End,Winnipeg,covN2,solid
2022-11-12,73.407609,Winnipeg West End,Winnipeg,covN2,solid
2022-11-13,62.447626,Winnipeg West End,Winnipeg,covN2,solid
2022-11-14,61.872737,Winnipeg West End,Winnipeg,covN2,solid
2022-11-16,57.037344,Winnipeg West End,Winnipeg,covN2,solid
2022-11-17,57.331318,Winnipeg West End,Winnipeg,covN2,solid
2022-11-19,53.450521,Winnipeg West End,Winnipeg,covN2,solid
2022-11-20,56.15958,Winnipeg West End,Winnipeg,covN2,solid
2022-11-21,90.199242,Winnipeg West End,Winnipeg,covN2,solid
2022-11-23,95.468637,Winnipeg West End,Winnipeg,covN2,solid
2022-11-24,93.56283,Winnipeg West End,Winnipeg,covN2,solid
2022-11-26,87.298175,Winnipeg West End,Winnipeg,covN2,solid
2022-11-27,86.906619,Winnipeg West End,Winnipeg,covN2,solid
2022-11-28,51.165742,Winnipeg West End,Winnipeg,covN2,solid
2022-11-30,46.146253,Winnipeg West End,Winnipeg,covN2,solid
2022-12-01,43.663113,Winnipeg West End,Winnipeg,covN2,solid
2022-12-03,40.994209,Winnipeg West End,Winnipeg,covN2,solid
2022-12-04,37.676006,Winnipeg West End,Winnipeg,covN2,solid
2022-12-05,48.729639,Winnipeg West End,Winnipeg,covN2,solid
2022-12-07,46.147826,Winnipeg West End,Winnipeg,covN2,solid
2022-12-08,46.725781,Winnipeg West End,Winnipeg,covN2,solid
2022-12-10,45.692896,Winnipeg West End,Winnipeg,covN2,solid
2022-12-11,46.486087,Winnipeg West End,Winnipeg,covN2,solid
2022-12-12,37.571861,Winnipeg West End,Winnipeg,covN2,solid
2022-12-14,43.916408,Winnipeg West End,Winnipeg,covN2,solid
2022-12-15,46.160984,Winnipeg West End,Winnipeg,covN2,solid
2022-12-17,43.839505,Winnipeg West End,Winnipeg,covN2,solid
2022-12-18,39.836351,Winnipeg West End,Winnipeg,covN2,solid
2022-12-19,32.889419,Winnipeg West End,Winnipeg,covN2,solid
2022-12-21,22.487075,Winnipeg West End,Winnipeg,covN2,solid
2022-12-22,18.415156,Winnipeg West End,Winnipeg,covN2,solid
2022-12-24,17.346317,Winnipeg West End,Winnipeg,covN2,solid
2022-12-25,16.44496,Winnipeg West End,Winnipeg,covN2,solid
2022-12-26,17.246577,Winnipeg West End,Winnipeg,covN2,solid
2022-12-28,18.886304,Winnipeg West End,Winnipeg,covN2,solid
2022-12-29,20.151152,Winnipeg West End,Winnipeg,covN2,solid
2022-12-31,25.495198,Winnipeg West End,Winnipeg,covN2,solid
2023-01-01,34.836471,Winnipeg West End,Winnipeg,covN2,solid
2023-01-02,36.244075,Winnipeg West End,Winnipeg,covN2,solid
2023-01-04,60.000136,Winnipeg West End,Winnipeg,covN2,solid
2023-01-05,60.782584,Winnipeg West End,Winnipeg,covN2,solid
2023-01-07,81.508298,Winnipeg West End,Winnipeg,covN2,solid
2023-01-08,75.407309,Winnipeg West End,Winnipeg,covN2,solid
2023-01-09,79.597659,Winnipeg West End,Winnipeg,covN2,solid
2023-01-11,59.049638,Winnipeg West End,Winnipeg,covN2,solid
2023-01-12,57.872185,Winnipeg West End,Winnipeg,covN2,solid
2023-01-14,33.084479,Winnipeg West End,Winnipeg,covN2,solid
2023-01-15,42.956702,Winnipeg West End,Winnipeg,covN2,solid
2023-01-16,51.502224,Winnipeg West End,Winnipeg,covN2,solid
2023-01-18,46.241137,Winnipeg West End,Winnipeg,covN2,solid
2023-01-19,46.150883,Winnipeg West End,Winnipeg,covN2,solid
2023-01-21,44.755595,Winnipeg West End,Winnipeg,covN2,solid
2023-01-22,30.584397,Winnipeg West End,Winnipeg,covN2,solid
2023-01-23,17.026559,Winnipeg West End,Winnipeg,covN2,solid
2023-01-25,17.727735,Winnipeg West End,Winnipeg,covN2,solid
2023-01-26,19.513899,Winnipeg West End,Winnipeg,covN2,solid
2023-01-28,29.746625,Winnipeg West End,Winnipeg,covN2,solid
2023-01-29,30.804908,Winnipeg West End,Winnipeg,covN2,solid
2023-01-30,32.360845,Winnipeg West End,Winnipeg,covN2,solid
2023-02-01,32.285236,Winnipeg West End,Winnipeg,covN2,solid
2023-02-02,29.920426,Winnipeg West End,Winnipeg,covN2,solid
2023-02-03,35.38273,Winnipeg West End,Winnipeg,covN2,solid
2023-02-05,28.940765,Winnipeg West End,Winnipeg,covN2,solid
2023-02-06,35.673491,Winnipeg West End,Winnipeg,covN2,solid
2023-02-08,58.274275,Winnipeg West End,Winnipeg,covN2,solid
2023-02-09,71.937185,Winnipeg West End,Winnipeg,covN2,solid
2023-02-11,63.906205,Winnipeg West End,Winnipeg,covN2,solid
2023-02-12,62.672923,Winnipeg West End,Winnipeg,covN2,solid
2023-02-13,55.261148,Winnipeg West End,Winnipeg,covN2,solid
2023-02-15,37.377272,Winnipeg West End,Winnipeg,covN2,solid
2023-02-16,22.71618,Winnipeg West End,Winnipeg,covN2,solid
2023-02-18,37.372078,Winnipeg West End,Winnipeg,covN2,solid
2023-02-19,50.180641,Winnipeg West End,Winnipeg,covN2,solid
2023-02-20,50.914151,Winnipeg West End,Winnipeg,covN2,solid
2023-02-22,55.495483,Winnipeg West End,Winnipeg,covN2,solid
2023-02-23,68.577036,Winnipeg West End,Winnipeg,covN2,solid
2023-02-25,123.573059,Winnipeg West End,Winnipeg,covN2,solid
2023-02-26,116.182979,Winnipeg West End,Winnipeg,covN2,solid
2023-02-27,125.433074,Winnipeg West End,Winnipeg,covN2,solid
2023-03-01,173.651821,Winnipeg West End,Winnipeg,covN2,solid
2023-03-02,204.097416,Winnipeg West End,Winnipeg,covN2,solid
2023-03-04,140.867795,Winnipeg West End,Winnipeg,covN2,solid
2023-03-05,141.169868,Winnipeg West End,Winnipeg,covN2,solid
2023-03-06,134.049708,Winnipeg West End,Winnipeg,covN2,solid
2023-03-08,79.012307,Winnipeg West End,Winnipeg,covN2,solid
2023-03-09,36.87419,Winnipeg West End,Winnipeg,covN2,solid
2023-03-11,31.64511,Winnipeg West End,Winnipeg,covN2,solid
2023-03-12,32.570809,Winnipeg West End,Winnipeg,covN2,solid
2023-03-13,29.567131,Winnipeg West End,Winnipeg,covN2,solid
